,y,rain_intensity,rain_accumulation,temperature,lag_1,lag_8,lag_12,lag_24
25,4,0.0,0.0,29.6,14.0,5.0,6.0,12.0
26,5,0.0,0.0,29.55,4.0,5.0,17.0,3.0
27,1,0.0,0.0,28.98,5.0,7.0,2.0,1.0
28,1,0.0,0.0,28.98,1.0,8.0,10.0,0.0
29,1,0.0,0.0,29.15,1.0,7.0,5.0,1.0
30,1,0.0,0.0,29.04,1.0,10.0,5.0,2.0
31,2,0.0,0.0,28.87,1.0,2.0,7.0,0.0
32,1,0.0,0.0,30.61,2.0,14.0,8.0,0.0
33,11,0.0,0.0,32.56,1.0,4.0,7.0,9.0
34,36,0.0,0.0,34.42,11.0,5.0,10.0,54.0
35,21,0.0,0.0,35.97,36.0,1.0,2.0,37.0
36,30,0.0,0.0,36.52,21.0,1.0,14.0,21.0
37,9,0.0,0.0,37.59,30.0,1.0,4.0,6.0
38,7,0.0,0.0,39.01,9.0,1.0,5.0,17.0
39,8,0.0,0.0,38.85,7.0,2.0,1.0,2.0
40,8,0.0,0.0,39.16,8.0,1.0,1.0,10.0
41,8,0.0,0.0,37.69,8.0,11.0,1.0,5.0
42,5,0.0,0.0,36.43,8.0,36.0,1.0,5.0
43,14,0.0,0.0,34.64,5.0,21.0,2.0,7.0
44,9,0.0,0.0,33.57,14.0,30.0,1.0,8.0
45,10,0.0,0.0,32.76,9.0,9.0,11.0,7.0
46,15,0.0,0.0,31.25,10.0,7.0,36.0,10.0
47,3,0.0,0.0,30.22,15.0,8.0,21.0,2.0
48,7,0.0,0.0,29.71,3.0,8.0,30.0,14.0
49,2,0.0,0.0,29.25,7.0,8.0,9.0,4.0
50,0,0.0,0.0,28.96,2.0,5.0,7.0,5.0
51,3,0.0,0.0,28.53,0.0,14.0,8.0,1.0
52,1,0.0,0.0,28.48,3.0,9.0,8.0,1.0
53,0,0.0,0.0,28.49,1.0,10.0,8.0,1.0
54,0,0.0,0.0,28.4,0.0,15.0,5.0,1.0
55,3,0.0,0.0,28.5,0.0,3.0,14.0,2.0
56,5,0.0,0.0,29.65,3.0,7.0,9.0,1.0
57,7,0.0,0.0,32.36,5.0,2.0,10.0,11.0
58,40,0.0,0.0,33.98,7.0,0.0,15.0,36.0
59,35,0.0,0.0,35.25,40.0,3.0,3.0,21.0
60,24,0.0,0.0,36.68,35.0,1.0,7.0,30.0
61,23,0.0,0.0,37.92,24.0,0.0,2.0,9.0
62,10,0.0,0.0,39.89,23.0,0.0,0.0,7.0
63,3,0.0,0.0,39.28,10.0,3.0,3.0,8.0
64,5,0.0,0.0,39.02,3.0,5.0,1.0,8.0
65,4,0.0,0.0,37.45,5.0,7.0,0.0,8.0
66,3,0.0,0.0,35.86,4.0,40.0,0.0,5.0
67,8,0.0,0.0,34.06,3.0,35.0,3.0,14.0
68,10,0.0,0.0,31.83,8.0,24.0,5.0,9.0
69,10,0.0,0.0,30.67,10.0,23.0,7.0,10.0
70,11,0.0,0.0,29.78,10.0,10.0,40.0,15.0
71,2,0.0,0.0,29.28,11.0,3.0,35.0,3.0
72,8,0.0,0.0,29.06,2.0,5.0,24.0,7.0
73,9,0.0,0.0,28.72,8.0,4.0,23.0,2.0
74,1,0.0,0.0,28.6,9.0,3.0,10.0,0.0
75,0,0.0,0.0,28.46,1.0,8.0,3.0,3.0
76,1,0.0,0.0,28.53,0.0,10.0,5.0,1.0
77,0,0.0,0.0,28.37,1.0,10.0,4.0,0.0
78,2,0.0,0.0,28.25,0.0,11.0,3.0,0.0
79,3,0.0,0.0,28.2,2.0,2.0,8.0,3.0
80,4,0.0,0.0,29.23,3.0,8.0,10.0,5.0
81,16,0.0,0.0,31.17,4.0,9.0,10.0,7.0
82,31,0.0,0.0,32.4,16.0,1.0,11.0,40.0
83,26,0.0,0.0,33.89,31.0,0.0,2.0,35.0
84,20,0.0,0.0,35.71,26.0,1.0,8.0,24.0
85,18,0.0,0.0,37.02,20.0,0.0,9.0,23.0
86,9,0.0,0.0,38.04,18.0,2.0,1.0,10.0
87,5,0.0,0.0,38.06,9.0,3.0,0.0,3.0
88,3,0.0,0.0,37.47,5.0,4.0,1.0,5.0
89,4,0.0,0.0,36.01,3.0,16.0,0.0,4.0
90,5,0.0,0.0,34.56,4.0,31.0,2.0,3.0
91,12,0.0,0.0,32.77,5.0,26.0,3.0,8.0
92,11,0.0,0.0,31.32,12.0,20.0,4.0,10.0
93,3,0.0,0.0,30.51,11.0,18.0,16.0,10.0
94,11,0.0,0.0,30.0,3.0,9.0,31.0,11.0
95,8,0.0,0.0,30.14,11.0,5.0,26.0,2.0
96,11,0.0,0.0,29.76,8.0,3.0,20.0,8.0
97,16,0.0,0.0,29.42,11.0,4.0,18.0,9.0
98,1,0.0,0.0,29.48,16.0,5.0,9.0,1.0
99,1,0.0,0.0,29.13,1.0,12.0,5.0,0.0
100,1,0.0,0.0,28.81,1.0,11.0,3.0,1.0
101,0,0.0,0.0,28.89,1.0,3.0,4.0,0.0
102,0,0.0,0.0,28.96,0.0,11.0,5.0,2.0
103,1,0.0,0.0,28.92,0.0,8.0,12.0,3.0
104,2,0.0,0.0,29.55,1.0,11.0,11.0,4.0
105,9,0.0,0.0,31.04,2.0,16.0,3.0,16.0
106,67,0.0,0.0,32.38,9.0,1.0,11.0,31.0
107,18,0.0,0.0,35.12,67.0,1.0,8.0,26.0
108,53,0.0,0.0,36.35,18.0,1.0,11.0,20.0
109,32,0.0,0.0,37.7,53.0,0.0,16.0,18.0
110,23,0.0,0.0,38.54,32.0,0.0,1.0,9.0
111,14,0.0,0.0,39.54,23.0,1.0,1.0,5.0
112,12,0.0,0.0,39.69,14.0,2.0,1.0,3.0
113,9,0.0,0.0,38.21,12.0,9.0,0.0,4.0
114,5,0.0,0.0,36.11,9.0,67.0,0.0,5.0
115,11,0.0,0.0,34.54,5.0,18.0,1.0,12.0
116,19,0.0,0.0,34.29,11.0,53.0,2.0,11.0
117,37,0.0,0.0,31.05,19.0,32.0,9.0,3.0
118,61,0.0,0.0,30.82,37.0,23.0,67.0,11.0
119,7,0.0,0.0,30.22,61.0,14.0,18.0,8.0
120,18,0.0,0.0,30.07,7.0,12.0,53.0,11.0
121,19,0.0,0.0,29.99,18.0,9.0,32.0,16.0
122,0,0.0,0.0,29.89,19.0,5.0,23.0,1.0
123,0,0.0,0.0,29.64,0.0,11.0,14.0,1.0
124,2,0.0,0.0,29.83,0.0,19.0,12.0,1.0
125,0,0.0,0.0,29.53,2.0,37.0,9.0,0.0
126,0,0.0,0.0,29.59,0.0,61.0,5.0,0.0
127,0,0.0,0.0,29.51,0.0,7.0,11.0,1.0
128,4,0.0,0.0,31.21,0.0,18.0,19.0,2.0
129,12,0.0,0.0,32.96,4.0,19.0,37.0,9.0
130,26,0.0,0.0,34.41,12.0,0.0,61.0,67.0
131,17,0.0,0.0,35.6,26.0,0.0,7.0,18.0
132,30,0.0,0.0,37.57,17.0,2.0,18.0,53.0
133,11,0.0,0.0,37.67,30.0,0.0,19.0,32.0
134,20,0.0,0.0,38.96,11.0,0.0,0.0,23.0
135,12,0.0,0.0,39.4,20.0,0.0,0.0,14.0
136,6,0.0,0.0,38.44,12.0,4.0,2.0,12.0
137,14,0.0,0.0,37.8,6.0,12.0,0.0,9.0
138,10,0.0,0.0,36.01,14.0,26.0,0.0,5.0
139,16,0.0,0.0,33.35,10.0,17.0,0.0,11.0
140,23,0.0,0.0,32.26,16.0,30.0,4.0,19.0
141,44,0.0,0.0,31.35,23.0,11.0,12.0,37.0
142,19,0.0,0.0,30.22,44.0,20.0,26.0,61.0
143,11,0.0,0.0,29.96,19.0,12.0,17.0,7.0
144,20,0.0,0.0,29.59,11.0,6.0,30.0,18.0
145,9,0.0,0.0,29.43,20.0,14.0,11.0,19.0
146,1,0.0,0.0,29.49,9.0,10.0,20.0,0.0
147,1,0.0,0.0,29.26,1.0,16.0,12.0,0.0
148,1,0.0,0.0,29.2,1.0,23.0,6.0,2.0
149,0,0.0,0.0,29.19,1.0,44.0,14.0,0.0
150,0,0.0,0.0,29.14,0.0,19.0,10.0,0.0
151,1,0.0,0.0,29.72,0.0,11.0,16.0,0.0
152,1,0.0,0.0,30.69,1.0,20.0,23.0,4.0
153,1,0.0,0.0,28.98,1.0,9.0,44.0,12.0
154,6,0.0,0.0,28.78,1.0,1.0,19.0,26.0
155,7,0.0,0.0,28.69,6.0,1.0,11.0,17.0
156,13,0.0,0.0,28.92,7.0,1.0,20.0,30.0
157,6,0.0,0.0,28.78,13.0,0.0,9.0,11.0
158,6,0.0,0.0,28.6,6.0,0.0,1.0,20.0
159,8,0.0,0.0,26.96,6.0,1.0,1.0,12.0
160,7,0.0,0.0,30.23,8.0,1.0,1.0,6.0
161,8,0.0,0.0,30.3,7.0,1.0,0.0,14.0
162,15,0.0,0.0,29.69,8.0,6.0,0.0,10.0
163,19,0.0,0.0,29.33,15.0,7.0,1.0,16.0
164,22,0.0,0.0,28.69,19.0,13.0,1.0,23.0
165,29,0.0,0.0,28.41,22.0,6.0,1.0,44.0
166,41,0.0,0.0,28.74,29.0,6.0,6.0,19.0
167,8,0.0,0.0,28.91,41.0,8.0,7.0,11.0
168,12,0.0,0.0,28.59,8.0,7.0,13.0,20.0
169,20,0.0,0.0,28.38,12.0,8.0,6.0,9.0
170,3,0.0,0.0,28.2,20.0,15.0,6.0,1.0
171,2,0.0,0.0,27.87,3.0,19.0,8.0,1.0
172,0,0.0,0.0,27.66,2.0,22.0,7.0,1.0
173,2,0.0,0.0,27.59,0.0,29.0,8.0,0.0
174,2,0.0,0.0,27.44,2.0,41.0,15.0,0.0
175,3,0.0,0.0,26.94,2.0,8.0,19.0,1.0
176,4,0.0,0.0,27.77,3.0,12.0,22.0,1.0
177,21,0.0,0.0,29.51,4.0,20.0,29.0,1.0
178,62,0.0,0.0,30.08,21.0,3.0,41.0,6.0
179,42,0.0,0.0,31.71,62.0,2.0,8.0,7.0
180,35,0.0,0.0,32.1,42.0,0.0,12.0,13.0
181,13,0.0,0.0,34.63,35.0,2.0,20.0,6.0
182,16,0.0,0.0,34.09,13.0,2.0,3.0,6.0
183,7,0.0,0.0,35.69,16.0,3.0,2.0,8.0
184,7,0.0,0.0,33.28,7.0,4.0,0.0,7.0
185,6,0.0,0.0,30.42,7.0,21.0,2.0,8.0
186,7,0.0,0.0,30.68,6.0,62.0,2.0,15.0
187,2,0.0,0.0,28.92,7.0,42.0,3.0,19.0
188,3,0.0,0.0,28.8,2.0,35.0,4.0,22.0
189,13,0.0,0.0,28.46,3.0,13.0,21.0,29.0
190,11,0.0,0.0,28.03,13.0,16.0,62.0,41.0
191,3,0.0,0.0,27.57,11.0,7.0,42.0,8.0
192,8,0.0,0.0,27.18,3.0,7.0,35.0,12.0
193,5,0.0,0.0,27.22,8.0,6.0,13.0,20.0
194,2,0.0,0.0,26.72,5.0,7.0,16.0,3.0
195,2,0.0,0.0,26.48,2.0,2.0,7.0,2.0
196,1,0.0,0.0,26.31,2.0,3.0,7.0,0.0
197,1,0.0,0.0,26.1,1.0,13.0,6.0,2.0
198,1,0.0,0.0,26.08,1.0,11.0,7.0,2.0
199,4,0.0,0.0,26.15,1.0,3.0,2.0,3.0
200,2,0.0,0.0,28.6,4.0,8.0,3.0,4.0
201,10,0.0,0.0,31.58,2.0,5.0,13.0,21.0
202,35,0.0,0.0,32.99,10.0,2.0,11.0,62.0
203,24,0.0,0.0,33.83,35.0,2.0,3.0,42.0
204,17,0.0,0.0,35.11,24.0,1.0,8.0,35.0
205,26,0.0,0.0,35.49,17.0,1.0,5.0,13.0
206,6,0.0,0.0,37.03,26.0,1.0,2.0,16.0
207,8,0.0,0.0,36.91,6.0,4.0,2.0,7.0
208,2,0.0,0.0,36.92,8.0,2.0,1.0,7.0
209,6,0.0,0.0,35.57,2.0,10.0,1.0,6.0
210,2,0.0,0.0,35.21,6.0,35.0,1.0,7.0
211,14,0.0,0.0,33.03,2.0,24.0,4.0,2.0
212,10,0.0,0.0,32.01,14.0,17.0,2.0,3.0
213,8,0.0,0.0,31.35,10.0,26.0,10.0,13.0
214,16,0.0,0.0,31.13,8.0,6.0,35.0,11.0
215,8,0.0,0.0,30.23,16.0,8.0,24.0,3.0
216,12,0.0,0.0,29.06,8.0,2.0,17.0,8.0
217,6,0.0,0.0,28.79,12.0,6.0,26.0,5.0
218,0,0.0,0.0,29.39,6.0,2.0,6.0,2.0
219,0,0.0,0.0,29.1,0.0,14.0,8.0,2.0
220,0,0.0,0.0,28.78,0.0,10.0,2.0,1.0
221,0,0.0,0.0,28.65,0.0,8.0,6.0,1.0
222,0,0.0,0.0,28.22,0.0,16.0,2.0,1.0
223,2,0.0,0.0,27.93,0.0,8.0,14.0,4.0
224,5,0.0,0.0,29.64,2.0,12.0,10.0,2.0
225,6,0.0,0.0,34.09,5.0,6.0,8.0,10.0
226,28,0.0,0.0,34.32,6.0,0.0,16.0,35.0
227,17,0.0,0.0,34.37,28.0,0.0,8.0,24.0
228,11,0.0,0.0,35.12,17.0,0.0,12.0,17.0
229,7,0.0,0.0,35.34,11.0,0.0,6.0,26.0
230,14,0.0,0.0,35.93,7.0,0.0,0.0,6.0
231,4,0.0,0.0,36.52,14.0,2.0,0.0,8.0
232,5,0.0,0.0,35.34,4.0,5.0,0.0,2.0
233,1,0.0,0.0,35.84,5.0,6.0,0.0,6.0
234,7,0.0,0.0,33.93,1.0,28.0,0.0,2.0
235,5,0.0,0.0,32.37,7.0,17.0,2.0,14.0
236,15,0.0,0.0,31.08,5.0,11.0,5.0,10.0
237,23,0.0,0.0,30.51,15.0,7.0,6.0,8.0
238,15,0.0,0.0,29.86,23.0,14.0,28.0,16.0
239,9,0.0,0.0,29.58,15.0,4.0,17.0,8.0
240,10,0.0,0.0,29.23,9.0,5.0,11.0,12.0
241,20,0.0,0.0,28.74,10.0,1.0,7.0,6.0
242,1,0.0,0.0,28.0,20.0,7.0,14.0,0.0
243,1,0.0,0.0,28.19,1.0,5.0,4.0,0.0
244,0,0.0,0.0,28.32,1.0,15.0,5.0,0.0
245,0,0.0,0.0,28.34,0.0,23.0,1.0,0.0
246,2,0.0,0.0,27.67,0.0,15.0,7.0,0.0
247,1,0.0,0.0,27.67,2.0,9.0,5.0,2.0
248,2,0.0,0.0,29.57,1.0,10.0,15.0,5.0
249,2,0.0,0.0,29.6,2.0,20.0,23.0,6.0
250,11,0.0,0.0,32.2,2.0,1.0,15.0,28.0
251,7,0.0,0.0,32.39,11.0,1.0,9.0,17.0
252,10,0.0,0.0,33.43,7.0,0.0,10.0,11.0
253,9,0.0,0.0,32.79,10.0,0.0,20.0,7.0
254,13,0.0,0.0,32.92,9.0,2.0,1.0,14.0
255,3,0.0,0.0,32.91,13.0,1.0,1.0,4.0
256,10,0.0,0.0,31.87,3.0,2.0,0.0,5.0
257,6,0.0,0.0,31.96,10.0,2.0,0.0,1.0
258,4,0.0,0.0,31.26,6.0,11.0,2.0,7.0
259,9,0.0,0.0,30.88,4.0,7.0,1.0,5.0
260,7,0.0,0.0,30.01,9.0,10.0,2.0,15.0
261,37,0.0,0.0,29.02,7.0,9.0,2.0,23.0
262,19,0.0,0.0,28.48,37.0,13.0,11.0,15.0
263,5,0.0,0.0,28.34,19.0,3.0,7.0,9.0
264,18,0.0,0.0,28.3,5.0,10.0,10.0,10.0
265,4,0.0,0.0,28.37,18.0,6.0,9.0,20.0
266,3,0.0,0.0,27.97,4.0,4.0,13.0,1.0
267,0,0.0,0.0,27.54,3.0,9.0,3.0,1.0
268,2,0.0,0.0,27.53,0.0,7.0,10.0,0.0
269,0,0.0,0.0,27.16,2.0,37.0,6.0,0.0
270,0,0.0,0.0,26.72,0.0,19.0,4.0,2.0
271,3,0.0,0.0,26.97,0.0,5.0,9.0,1.0
272,1,0.0,0.0,27.63,3.0,18.0,7.0,2.0
273,17,0.0,0.0,30.82,1.0,4.0,37.0,2.0
274,36,0.0,0.0,32.95,17.0,3.0,19.0,11.0
275,25,0.0,0.0,34.23,36.0,0.0,5.0,7.0
276,54,0.0,0.0,35.33,25.0,2.0,18.0,10.0
277,16,0.0,0.0,35.85,54.0,0.0,4.0,9.0
278,8,0.0,0.0,36.95,16.0,0.0,3.0,13.0
279,8,0.0,0.0,36.48,8.0,3.0,0.0,3.0
280,7,0.0,0.0,35.57,8.0,1.0,2.0,10.0
281,1,0.0,0.0,35.07,7.0,17.0,0.0,6.0
282,4,0.0,0.0,33.81,1.0,36.0,0.0,4.0
283,5,0.0,0.0,32.97,4.0,25.0,3.0,9.0
284,15,0.0,0.0,32.48,5.0,54.0,1.0,7.0
285,32,0.0,0.0,32.17,15.0,16.0,17.0,37.0
286,54,0.0,0.0,31.58,32.0,8.0,36.0,19.0
287,9,0.0,0.0,30.77,54.0,8.0,25.0,5.0
288,38,0.0,0.0,30.33,9.0,7.0,54.0,18.0
289,11,0.0,0.0,29.75,38.0,1.0,16.0,4.0
290,6,0.0,0.0,29.26,11.0,4.0,8.0,3.0
291,1,0.0,0.0,28.81,6.0,5.0,8.0,0.0
292,0,0.0,0.0,28.54,1.0,15.0,7.0,2.0
293,1,0.0,0.0,28.24,0.0,32.0,1.0,0.0
294,1,0.0,0.0,28.19,1.0,54.0,4.0,0.0
295,1,0.0,0.0,28.41,1.0,9.0,5.0,3.0
296,3,0.0,0.0,28.96,1.0,38.0,15.0,1.0
297,3,0.0,0.0,31.67,3.0,11.0,32.0,17.0
298,13,0.0,0.0,33.92,3.0,6.0,54.0,36.0
299,7,0.0,0.0,36.49,13.0,1.0,9.0,25.0
300,26,0.0,0.0,37.52,7.0,0.0,38.0,54.0
301,12,0.0,0.0,37.52,26.0,1.0,11.0,16.0
302,8,0.0,0.0,38.24,12.0,1.0,6.0,8.0
303,6,0.0,0.0,38.35,8.0,1.0,1.0,8.0
304,7,0.0,0.0,38.73,6.0,3.0,0.0,7.0
305,10,0.0,0.0,37.86,7.0,3.0,1.0,1.0
306,18,0.0,0.0,36.8,10.0,13.0,1.0,4.0
307,24,0.0,0.0,35.01,18.0,7.0,1.0,5.0
308,34,0.0,0.0,33.86,24.0,26.0,3.0,15.0
309,63,0.0,0.0,32.55,34.0,12.0,3.0,32.0
310,41,0.0,0.0,31.61,63.0,8.0,13.0,54.0
311,6,0.0,0.0,31.14,41.0,6.0,7.0,9.0
312,6,0.0,0.0,30.49,6.0,7.0,26.0,38.0
313,3,0.0,0.0,29.97,6.0,10.0,12.0,11.0
314,0,0.0,0.0,29.69,3.0,18.0,8.0,6.0
315,2,0.0,0.0,29.53,0.0,24.0,6.0,1.0
316,2,0.0,0.0,29.34,2.0,34.0,7.0,0.0
317,2,0.0,0.0,28.84,2.0,63.0,10.0,1.0
318,0,0.0,0.0,28.7,2.0,41.0,18.0,1.0
319,1,0.0,0.0,28.81,0.0,6.0,24.0,1.0
320,1,0.0,0.0,31.26,1.0,6.0,34.0,3.0
321,9,0.0,0.0,33.48,1.0,3.0,63.0,3.0
322,5,0.0,0.0,36.17,9.0,0.0,41.0,13.0
323,4,0.0,0.0,38.13,5.0,2.0,6.0,7.0
324,8,0.0,0.0,38.36,4.0,2.0,6.0,26.0
325,14,0.0,0.0,39.2,8.0,2.0,3.0,12.0
326,37,0.0,0.0,39.31,14.0,0.0,0.0,8.0
327,24,0.0,0.0,40.13,37.0,1.0,2.0,6.0
328,17,0.0,0.0,40.33,24.0,1.0,2.0,7.0
329,11,0.0,0.0,39.51,17.0,9.0,2.0,10.0
330,14,0.0,0.0,37.81,11.0,5.0,0.0,18.0
331,32,0.0,0.0,35.87,14.0,4.0,1.0,24.0
332,20,0.0,0.0,34.48,32.0,8.0,1.0,34.0
333,91,0.0,0.0,33.11,20.0,14.0,9.0,63.0
334,99,0.0,0.0,32.32,91.0,37.0,5.0,41.0
335,15,0.0,0.0,31.74,99.0,24.0,4.0,6.0
336,19,0.0,0.0,31.17,15.0,17.0,8.0,6.0
337,22,0.0,0.0,30.64,19.0,11.0,14.0,3.0
338,4,0.0,0.0,30.54,22.0,14.0,37.0,0.0
339,0,0.0,0.0,30.15,4.0,32.0,24.0,2.0
340,2,0.0,0.0,29.67,0.0,20.0,17.0,2.0
341,2,0.0,0.0,29.58,2.0,91.0,11.0,2.0
342,6,0.0,0.0,29.69,2.0,99.0,14.0,0.0
343,1,0.0,0.0,30.04,6.0,15.0,32.0,1.0
344,5,0.0,0.0,32.32,1.0,19.0,20.0,1.0
345,17,0.0,0.0,34.81,5.0,22.0,91.0,9.0
346,66,0.0,0.0,35.78,17.0,4.0,99.0,5.0
347,67,0.0,0.0,37.52,66.0,0.0,15.0,4.0
348,59,0.0,0.0,38.65,67.0,2.0,19.0,8.0
349,13,0.0,0.0,39.47,59.0,2.0,22.0,14.0
350,13,0.0,0.0,39.98,13.0,6.0,4.0,37.0
351,6,0.0,0.0,40.76,13.0,1.0,0.0,24.0
352,9,0.0,0.0,38.75,6.0,5.0,2.0,17.0
353,8,0.0,0.0,38.98,9.0,17.0,2.0,11.0
354,3,0.0,0.0,36.0,8.0,66.0,6.0,14.0
355,17,0.0,0.0,33.77,3.0,67.0,1.0,32.0
356,9,0.0,0.0,33.01,17.0,59.0,5.0,20.0
357,13,0.0,0.0,32.15,9.0,13.0,17.0,91.0
358,13,0.0,0.0,31.15,13.0,13.0,66.0,99.0
359,10,0.0,0.0,30.55,13.0,6.0,67.0,15.0
360,19,0.0,0.0,30.29,10.0,9.0,59.0,19.0
361,19,0.0,0.0,29.89,19.0,8.0,13.0,22.0
362,2,0.0,0.0,29.73,19.0,3.0,13.0,4.0
363,0,0.0,0.0,29.42,2.0,17.0,6.0,0.0
364,1,0.0,0.0,29.21,0.0,9.0,9.0,2.0
365,0,0.0,0.0,28.95,1.0,13.0,8.0,2.0
366,0,0.0,0.0,29.01,0.0,13.0,3.0,6.0
367,2,0.0,0.0,29.73,0.0,10.0,17.0,1.0
368,4,0.0,0.0,31.26,2.0,19.0,9.0,5.0
369,14,0.0,0.0,32.76,4.0,19.0,13.0,17.0
370,43,0.0,0.0,33.96,14.0,2.0,13.0,66.0
371,39,0.0,0.0,36.69,43.0,0.0,10.0,67.0
372,44,0.0,0.0,38.39,39.0,1.0,19.0,59.0
373,16,0.0,0.0,40.07,44.0,0.0,19.0,13.0
374,8,0.0,0.0,41.69,16.0,0.0,2.0,13.0
375,3,0.0,0.0,41.55,8.0,2.0,0.0,6.0
376,6,0.0,0.0,41.2,3.0,4.0,1.0,9.0
377,12,0.0,0.0,41.16,6.0,14.0,0.0,8.0
378,0,0.0,0.0,39.98,12.0,43.0,0.0,3.0
379,10,0.0,0.0,38.24,0.0,39.0,2.0,17.0
380,25,0.0,0.0,36.1,10.0,44.0,4.0,9.0
381,25,0.0,0.0,34.24,25.0,16.0,14.0,13.0
382,27,0.0,0.0,33.44,25.0,8.0,43.0,13.0
383,6,0.0,0.0,32.83,27.0,3.0,39.0,10.0
384,26,0.0,0.0,32.76,6.0,6.0,44.0,19.0
385,21,0.0,0.0,32.51,26.0,12.0,16.0,19.0
386,3,0.0,0.0,30.93,21.0,0.0,8.0,2.0
387,1,0.0,0.0,29.79,3.0,10.0,3.0,0.0
388,2,0.0,0.0,29.65,1.0,25.0,6.0,1.0
389,1,0.0,0.0,29.71,2.0,25.0,12.0,0.0
390,2,0.0,0.0,29.49,1.0,27.0,0.0,0.0
391,0,0.0,0.0,30.02,2.0,6.0,10.0,2.0
392,6,0.0,0.0,32.09,0.0,26.0,25.0,4.0
393,5,0.0,0.0,33.83,6.0,21.0,25.0,14.0
394,12,0.0,0.0,35.93,5.0,3.0,27.0,43.0
395,17,0.0,0.0,37.05,12.0,1.0,6.0,39.0
396,42,0.0,0.0,38.83,17.0,2.0,26.0,44.0
397,14,0.0,0.0,40.35,42.0,1.0,21.0,16.0
398,10,0.0,0.0,41.32,14.0,2.0,3.0,8.0
399,7,0.0,0.0,41.84,10.0,0.0,1.0,3.0
400,12,0.0,0.0,42.31,7.0,6.0,2.0,6.0
401,12,0.0,0.0,41.55,12.0,5.0,1.0,12.0
402,9,0.0,0.0,39.69,12.0,12.0,2.0,0.0
403,11,0.0,0.0,38.33,9.0,17.0,0.0,10.0
404,10,0.0,0.0,36.22,11.0,42.0,6.0,25.0
405,15,0.0,0.0,35.12,10.0,14.0,5.0,25.0
406,41,0.0,0.0,33.0,15.0,10.0,12.0,27.0
407,11,0.0,0.0,32.29,41.0,7.0,17.0,6.0
408,50,0.0,0.0,31.57,11.0,12.0,42.0,26.0
409,34,0.0,0.0,30.83,50.0,12.0,14.0,21.0
410,1,0.0,0.0,30.45,34.0,9.0,10.0,3.0
411,1,0.0,0.0,30.74,1.0,11.0,7.0,1.0
412,0,0.0,0.0,30.73,1.0,10.0,12.0,2.0
413,4,0.0,0.0,30.76,0.0,15.0,12.0,1.0
414,1,0.0,0.0,30.59,4.0,41.0,9.0,2.0
415,1,0.0,0.0,30.66,1.0,11.0,11.0,0.0
416,4,0.0,0.0,33.68,1.0,50.0,10.0,6.0
417,20,0.0,0.0,37.07,4.0,34.0,15.0,5.0
418,78,0.0,0.0,39.46,20.0,1.0,41.0,12.0
419,41,0.0,0.0,39.83,78.0,1.0,11.0,17.0
420,55,0.0,0.0,40.72,41.0,0.0,50.0,42.0
421,15,0.0,0.0,41.07,55.0,4.0,34.0,14.0
422,14,0.0,0.0,40.87,15.0,1.0,1.0,10.0
423,7,0.0,0.0,41.14,14.0,1.0,1.0,7.0
424,12,0.0,0.0,41.09,7.0,4.0,0.0,12.0
425,3,0.0,0.0,41.18,12.0,20.0,4.0,12.0
426,16,0.0,0.0,40.23,3.0,78.0,1.0,9.0
427,21,0.0,0.0,37.76,16.0,41.0,1.0,11.0
428,31,0.0,0.0,36.26,21.0,55.0,4.0,10.0
429,61,0.0,0.0,35.06,31.0,15.0,20.0,15.0
430,24,0.0,0.0,35.01,61.0,14.0,78.0,41.0
431,8,0.0,0.0,33.09,24.0,7.0,41.0,11.0
432,28,0.0,0.0,32.73,8.0,12.0,55.0,50.0
433,15,0.0,0.0,32.07,28.0,3.0,15.0,34.0
434,5,0.0,0.0,31.47,15.0,16.0,14.0,1.0
435,1,0.0,0.0,31.57,5.0,21.0,7.0,1.0
436,0,0.0,0.0,31.37,1.0,31.0,12.0,0.0
437,1,0.0,0.0,31.35,0.0,61.0,3.0,4.0
438,1,0.0,0.0,31.35,1.0,24.0,16.0,1.0
439,1,0.0,0.0,31.51,1.0,8.0,21.0,1.0
440,2,0.0,0.0,33.13,1.0,28.0,31.0,4.0
441,29,0.0,0.0,34.86,2.0,15.0,61.0,20.0
442,52,0.0,0.0,36.91,29.0,5.0,24.0,78.0
443,67,0.0,0.0,38.99,52.0,1.0,8.0,41.0
444,61,0.0,0.0,40.88,67.0,0.0,28.0,55.0
445,41,0.0,0.0,41.08,61.0,1.0,15.0,15.0
446,26,0.0,0.0,41.8,41.0,1.0,5.0,14.0
447,19,0.0,0.0,42.43,26.0,1.0,1.0,7.0
448,7,0.0,0.0,42.54,19.0,2.0,0.0,12.0
449,5,0.0,0.0,40.64,7.0,29.0,1.0,3.0
450,8,0.0,0.0,38.26,5.0,52.0,1.0,16.0
451,20,0.0,0.0,35.78,8.0,67.0,1.0,21.0
452,27,0.0,0.0,34.17,20.0,61.0,2.0,31.0
453,64,0.0,0.0,32.77,27.0,41.0,29.0,61.0
454,53,0.0,0.0,32.0,64.0,26.0,52.0,24.0
455,12,0.0,0.0,31.25,53.0,19.0,67.0,8.0
456,31,0.0,0.0,31.12,12.0,7.0,61.0,28.0
457,30,0.0,0.0,31.01,31.0,5.0,41.0,15.0
458,3,0.0,0.0,30.7,30.0,8.0,26.0,5.0
459,0,0.0,0.0,30.39,3.0,20.0,19.0,1.0
460,0,0.0,0.0,30.09,0.0,27.0,7.0,0.0
461,2,0.0,0.0,29.99,0.0,64.0,5.0,1.0
462,3,0.0,0.0,29.49,2.0,53.0,8.0,1.0
463,2,0.0,0.0,29.57,3.0,12.0,20.0,1.0
464,4,0.0,0.0,31.3,2.0,31.0,27.0,2.0
465,7,0.0,0.0,33.72,4.0,30.0,64.0,29.0
466,40,0.0,0.0,36.51,7.0,3.0,53.0,52.0
467,25,0.0,0.0,38.68,40.0,0.0,12.0,67.0
468,30,0.0,0.0,39.8,25.0,0.0,31.0,61.0
469,28,0.0,0.0,41.42,30.0,2.0,30.0,41.0
470,19,0.0,0.0,42.82,28.0,3.0,3.0,26.0
471,12,0.0,0.0,41.94,19.0,2.0,0.0,19.0
472,6,0.0,0.0,41.65,12.0,4.0,0.0,7.0
473,16,0.0,0.0,41.33,6.0,7.0,2.0,5.0
474,8,0.0,0.0,37.81,16.0,40.0,3.0,8.0
475,22,0.0,0.0,35.32,8.0,25.0,2.0,20.0
476,23,0.0,0.0,33.09,22.0,30.0,4.0,27.0
477,58,0.0,0.0,31.83,23.0,28.0,7.0,64.0
478,67,0.0,0.0,31.34,58.0,19.0,40.0,53.0
479,9,0.0,0.0,31.0,67.0,12.0,25.0,12.0
480,13,0.0,0.0,30.74,9.0,6.0,30.0,31.0
481,27,0.0,0.0,30.6,13.0,16.0,28.0,30.0
482,3,0.0,0.0,30.14,27.0,8.0,19.0,3.0
483,3,0.0,0.0,30.13,3.0,22.0,12.0,0.0
484,1,0.0,0.0,30.2,3.0,23.0,6.0,0.0
485,0,0.0,0.0,30.02,1.0,58.0,16.0,2.0
486,3,0.0,0.0,29.97,0.0,67.0,8.0,3.0
487,0,0.0,0.0,30.15,3.0,9.0,22.0,2.0
488,7,0.0,0.0,31.87,0.0,13.0,23.0,4.0
489,5,0.0,0.0,33.55,7.0,27.0,58.0,7.0
490,15,0.0,0.0,36.35,5.0,3.0,67.0,40.0
491,12,0.0,0.0,39.69,15.0,3.0,9.0,25.0
492,17,0.0,0.0,41.16,12.0,1.0,13.0,30.0
493,20,0.0,0.0,41.9,17.0,0.0,27.0,28.0
494,26,0.0,0.0,42.77,20.0,3.0,3.0,19.0
495,19,0.0,0.0,43.84,26.0,0.0,3.0,12.0
496,16,0.0,0.0,42.83,19.0,7.0,1.0,6.0
497,22,0.0,0.0,41.83,16.0,5.0,0.0,16.0
498,22,0.0,0.0,39.52,22.0,15.0,3.0,8.0
499,22,0.0,0.0,37.61,22.0,12.0,0.0,22.0
500,28,0.0,0.0,35.06,22.0,17.0,7.0,23.0
501,113,0.0,0.0,34.0,28.0,20.0,5.0,58.0
502,57,0.0,0.0,32.45,113.0,26.0,15.0,67.0
503,33,0.0,0.0,31.88,57.0,19.0,12.0,9.0
504,20,0.0,0.0,31.82,33.0,16.0,17.0,13.0
505,34,0.0,0.0,31.37,20.0,22.0,20.0,27.0
506,10,0.0,0.0,31.35,34.0,22.0,26.0,3.0
507,2,0.0,0.0,30.98,10.0,22.0,19.0,3.0
508,4,0.0,0.0,31.25,2.0,28.0,16.0,1.0
509,4,0.0,0.0,31.51,4.0,113.0,22.0,0.0
510,13,0.0,0.0,31.0,4.0,57.0,22.0,3.0
511,7,0.0,0.0,31.2,13.0,33.0,22.0,0.0
512,17,0.0,0.0,31.89,7.0,20.0,28.0,7.0
513,56,0.0,0.0,33.67,17.0,34.0,113.0,5.0
514,106,0.0,0.0,35.48,56.0,10.0,57.0,15.0
515,70,0.0,0.0,37.07,106.0,2.0,33.0,12.0
516,74,0.0,0.0,38.8,70.0,4.0,20.0,17.0
517,56,0.0,0.0,39.87,74.0,4.0,34.0,20.0
518,44,0.0,0.0,40.74,56.0,13.0,10.0,26.0
519,40,0.0,0.0,40.84,44.0,7.0,2.0,19.0
520,32,0.0,0.0,40.78,40.0,17.0,4.0,16.0
521,30,0.0,0.0,40.72,32.0,56.0,4.0,22.0
522,29,0.0,0.0,38.77,30.0,106.0,13.0,22.0
523,38,0.0,0.0,37.83,29.0,70.0,7.0,22.0
524,63,0.0,0.0,36.7,38.0,74.0,17.0,28.0
525,46,0.0,0.0,35.97,63.0,56.0,56.0,113.0
526,48,0.0,0.0,35.66,46.0,44.0,106.0,57.0
527,40,0.0,0.0,34.7,48.0,40.0,70.0,33.0
528,40,0.0,0.0,32.25,40.0,32.0,74.0,20.0
529,26,0.0,0.0,32.94,40.0,30.0,56.0,34.0
530,8,0.0,0.0,32.95,26.0,29.0,44.0,10.0
531,1,0.0,0.0,32.61,8.0,38.0,40.0,2.0
532,1,0.0,0.0,31.86,1.0,63.0,32.0,4.0
533,5,0.0,0.0,31.55,1.0,46.0,30.0,4.0
534,8,0.0,0.0,31.16,5.0,48.0,29.0,13.0
535,6,0.0,0.0,31.08,8.0,40.0,38.0,7.0
536,11,0.0,0.0,34.21,6.0,40.0,63.0,17.0
537,33,0.0,0.0,35.92,11.0,26.0,46.0,56.0
538,62,0.0,0.0,36.44,33.0,8.0,48.0,106.0
539,57,0.0,0.0,37.2,62.0,1.0,40.0,70.0
540,80,0.0,0.0,38.73,57.0,1.0,40.0,74.0
541,57,0.0,0.0,39.22,80.0,5.0,26.0,56.0
542,46,0.0,0.0,39.55,57.0,8.0,8.0,44.0
543,30,0.0,0.0,39.52,46.0,6.0,1.0,40.0
544,23,0.0,0.0,39.03,30.0,11.0,1.0,32.0
545,32,0.0,0.0,38.67,23.0,33.0,5.0,30.0
546,30,0.0,0.0,39.11,32.0,62.0,8.0,29.0
547,42,0.0,0.0,37.02,30.0,57.0,6.0,38.0
548,38,0.0,0.0,35.92,42.0,80.0,11.0,63.0
549,58,0.0,0.0,35.59,38.0,57.0,33.0,46.0
550,55,0.0,0.0,34.6,58.0,46.0,62.0,48.0
551,31,0.0,0.0,33.08,55.0,30.0,57.0,40.0
552,53,0.0,0.0,32.26,31.0,23.0,80.0,40.0
553,32,0.0,0.0,32.31,53.0,32.0,57.0,26.0
554,17,0.0,0.0,32.17,32.0,30.0,46.0,8.0
558,11,0.0,0.0,30.63,6.0,55.0,30.0,8.0
559,2,0.0,0.0,30.71,11.0,31.0,42.0,6.0
560,17,0.0,0.0,32.57,2.0,53.0,38.0,11.0
561,36,0.0,0.0,34.41,17.0,32.0,58.0,33.0
562,62,0.0,0.0,36.02,36.0,17.0,55.0,62.0
563,77,0.0,0.0,38.01,62.0,3.0,31.0,57.0
564,63,0.0,0.0,39.42,77.0,0.0,53.0,80.0
565,50,0.0,0.0,40.54,63.0,6.0,32.0,57.0
566,34,0.0,0.0,41.61,50.0,11.0,17.0,46.0
567,34,0.0,0.0,42.09,34.0,2.0,3.0,30.0
568,21,0.0,0.0,41.52,34.0,17.0,0.0,23.0
569,34,0.0,0.0,41.9,21.0,36.0,6.0,32.0
570,24,0.0,0.0,40.9,34.0,62.0,11.0,30.0
571,50,0.0,0.0,38.61,24.0,77.0,2.0,42.0
572,68,0.0,0.0,36.01,50.0,63.0,17.0,38.0
573,82,0.0,0.0,34.59,68.0,50.0,36.0,58.0
574,56,0.0,0.0,33.5,82.0,34.0,62.0,55.0
575,51,0.0,0.0,33.0,56.0,34.0,77.0,31.0
576,64,0.0,0.0,32.88,51.0,21.0,63.0,53.0
577,50,0.0,0.0,32.16,64.0,34.0,50.0,32.0
578,12,0.0,0.0,32.12,50.0,24.0,34.0,17.0
579,3,0.0,0.0,31.56,12.0,50.0,34.0,3.0
580,5,0.0,0.0,31.32,3.0,68.0,21.0,0.0
581,2,0.0,0.0,30.71,5.0,82.0,34.0,6.0
582,7,0.0,0.0,30.52,2.0,56.0,24.0,11.0
583,6,0.0,0.0,31.02,7.0,51.0,50.0,2.0
584,17,0.0,0.0,33.18,6.0,64.0,68.0,17.0
585,44,0.0,0.0,35.59,17.0,50.0,82.0,36.0
586,76,0.0,0.0,38.01,44.0,12.0,56.0,62.0
587,75,0.0,0.0,39.49,76.0,3.0,51.0,77.0
588,80,0.0,0.0,40.53,75.0,5.0,64.0,63.0
589,47,0.0,0.0,41.4,80.0,2.0,50.0,50.0
590,43,0.0,0.0,42.21,47.0,7.0,12.0,34.0
591,37,0.0,0.0,42.3,43.0,6.0,3.0,34.0
592,39,0.0,0.0,43.42,37.0,17.0,5.0,21.0
593,35,0.0,0.0,43.39,39.0,44.0,2.0,34.0
594,30,0.0,0.0,41.74,35.0,76.0,7.0,24.0
595,38,0.0,0.0,39.31,30.0,75.0,6.0,50.0
596,41,0.0,0.0,37.43,38.0,80.0,17.0,68.0
597,62,0.0,0.0,35.12,41.0,47.0,44.0,82.0
598,85,0.0,0.0,33.96,62.0,43.0,76.0,56.0
599,29,0.0,0.0,33.06,85.0,37.0,75.0,51.0
600,72,0.0,0.0,32.5,29.0,39.0,80.0,64.0
601,51,0.0,0.0,32.29,72.0,35.0,47.0,50.0
602,12,0.0,0.0,31.37,51.0,30.0,43.0,12.0
603,11,0.0,0.0,31.23,12.0,38.0,37.0,3.0
604,3,0.0,0.0,30.84,11.0,41.0,39.0,5.0
605,8,0.0,0.0,30.3,3.0,62.0,35.0,2.0
606,10,0.0,0.0,29.79,8.0,85.0,30.0,7.0
607,1,0.0,0.0,30.12,10.0,29.0,38.0,6.0
608,32,0.0,0.0,32.24,1.0,72.0,41.0,17.0
609,67,0.0,0.0,34.09,32.0,51.0,62.0,44.0
610,115,0.0,0.0,34.56,67.0,12.0,85.0,76.0
611,81,0.0,0.0,36.92,115.0,11.0,29.0,75.0
612,107,0.0,0.0,38.36,81.0,3.0,72.0,80.0
613,56,0.0,0.0,39.8,107.0,8.0,51.0,47.0
614,48,0.0,0.0,40.06,56.0,10.0,12.0,43.0
615,34,0.0,0.0,40.49,48.0,1.0,11.0,37.0
616,45,0.0,0.0,40.07,34.0,32.0,3.0,39.0
617,43,0.0,0.0,39.69,45.0,67.0,8.0,35.0
618,41,0.0,0.0,37.57,43.0,115.0,10.0,30.0
619,33,0.0,0.0,35.8,41.0,81.0,1.0,38.0
620,81,0.0,0.0,34.32,33.0,107.0,32.0,41.0
621,137,0.0,0.0,32.84,81.0,56.0,67.0,62.0
622,114,0.0,0.0,31.75,137.0,48.0,115.0,85.0
623,42,0.0,0.0,31.06,114.0,34.0,81.0,29.0
624,57,0.0,0.0,30.69,42.0,45.0,107.0,72.0
625,75,0.0,0.0,30.67,57.0,43.0,56.0,51.0
626,27,0.0,0.0,30.64,75.0,41.0,48.0,12.0
627,6,0.0,0.0,30.35,27.0,33.0,34.0,11.0
628,4,0.0,0.0,30.4,6.0,81.0,45.0,3.0
629,6,0.0,0.0,30.25,4.0,137.0,43.0,8.0
630,7,0.0,0.0,29.99,6.0,114.0,41.0,10.0
631,2,0.0,0.0,30.22,7.0,42.0,33.0,1.0
632,10,0.0,0.0,31.37,2.0,57.0,81.0,32.0
633,57,0.0,0.0,32.97,10.0,75.0,137.0,67.0
634,72,0.0,0.0,35.38,57.0,27.0,114.0,115.0
635,60,0.0,0.0,37.43,72.0,6.0,42.0,81.0
636,68,0.0,0.0,38.46,60.0,4.0,57.0,107.0
637,48,0.0,0.0,40.77,68.0,6.0,75.0,56.0
638,42,0.0,0.0,41.97,48.0,7.0,27.0,48.0
639,52,0.0,0.0,42.47,42.0,2.0,6.0,34.0
640,27,0.0,0.0,44.15,52.0,10.0,4.0,45.0
641,42,0.0,0.0,43.62,27.0,57.0,6.0,43.0
642,45,0.0,0.0,39.93,42.0,72.0,7.0,41.0
643,45,0.0,0.0,37.65,45.0,60.0,2.0,33.0
644,59,0.0,0.0,34.29,45.0,68.0,10.0,81.0
645,80,0.0,0.0,32.45,59.0,48.0,57.0,137.0
646,96,0.0,0.0,32.16,80.0,42.0,72.0,114.0
647,43,0.0,0.0,31.48,96.0,52.0,60.0,42.0
648,38,0.0,0.0,31.17,43.0,27.0,68.0,57.0
649,49,0.0,0.0,30.94,38.0,42.0,48.0,75.0
650,9,0.0,0.0,30.84,49.0,45.0,42.0,27.0
651,5,0.0,0.0,30.84,9.0,45.0,52.0,6.0
652,5,0.0,0.0,30.49,5.0,59.0,27.0,4.0
653,1,0.0,0.0,30.34,5.0,80.0,42.0,6.0
654,6,0.0,0.0,30.23,1.0,96.0,45.0,7.0
655,10,0.0,0.0,30.59,6.0,43.0,45.0,2.0
656,9,0.0,0.0,32.51,10.0,38.0,59.0,10.0
657,25,0.0,0.0,35.4,9.0,49.0,80.0,57.0
658,49,0.0,0.0,37.0,25.0,9.0,96.0,72.0
659,36,0.0,0.0,39.28,49.0,5.0,43.0,60.0
660,55,0.0,0.0,40.3,36.0,5.0,38.0,68.0
661,34,0.0,0.0,41.88,55.0,1.0,49.0,48.0
662,42,0.0,0.0,42.91,34.0,6.0,9.0,42.0
663,37,0.0,0.0,43.31,42.0,10.0,5.0,52.0
664,34,0.0,0.0,43.61,37.0,9.0,5.0,27.0
665,47,0.0,0.0,43.04,34.0,25.0,1.0,42.0
666,48,0.0,0.0,41.16,47.0,49.0,6.0,45.0
667,57,0.0,0.0,39.36,48.0,36.0,10.0,45.0
668,60,0.0,0.0,35.64,57.0,55.0,9.0,59.0
669,81,0.0,0.0,34.15,60.0,34.0,25.0,80.0
670,69,0.0,0.0,33.3,81.0,42.0,49.0,96.0
671,46,0.0,0.0,32.76,69.0,37.0,36.0,43.0
672,47,0.0,0.0,32.55,46.0,34.0,55.0,38.0
673,52,0.0,0.0,32.79,47.0,47.0,34.0,49.0
674,17,0.0,0.0,32.89,52.0,48.0,42.0,9.0
675,2,0.0,0.0,31.71,17.0,57.0,37.0,5.0
676,1,0.0,0.0,30.96,2.0,60.0,34.0,5.0
677,3,0.0,0.0,30.76,1.0,81.0,47.0,1.0
678,6,0.0,0.0,31.03,3.0,69.0,48.0,6.0
679,3,0.0,0.0,31.59,6.0,46.0,57.0,10.0
680,18,0.0,0.0,34.03,3.0,47.0,60.0,9.0
681,66,0.0,0.0,35.9,18.0,52.0,81.0,25.0
682,99,0.0,0.0,37.83,66.0,17.0,69.0,49.0
683,97,0.0,0.0,39.28,99.0,2.0,46.0,36.0
684,92,0.0,0.0,41.14,97.0,1.0,47.0,55.0
685,65,0.0,0.0,41.98,92.0,3.0,52.0,34.0
686,35,0.0,0.0,43.13,65.0,6.0,17.0,42.0
687,28,0.0,0.0,43.8,35.0,3.0,2.0,37.0
688,22,0.0,0.0,44.28,28.0,18.0,1.0,34.0
689,37,0.0,0.0,43.73,22.0,66.0,3.0,47.0
690,25,0.0,0.0,41.91,37.0,99.0,6.0,48.0
691,39,0.0,0.0,39.1,25.0,97.0,3.0,57.0
692,39,0.0,0.0,36.51,39.0,92.0,18.0,60.0
693,57,0.0,0.0,34.84,39.0,65.0,66.0,81.0
694,58,0.0,0.0,33.57,57.0,35.0,99.0,69.0
695,20,0.0,0.0,33.26,58.0,28.0,97.0,46.0
696,39,0.0,0.0,33.03,20.0,22.0,92.0,47.0
697,16,0.0,0.0,33.06,39.0,37.0,65.0,52.0
698,4,0.0,0.0,32.8,16.0,25.0,35.0,17.0
699,2,0.0,0.0,32.23,4.0,39.0,28.0,2.0
700,2,0.0,0.0,32.12,2.0,39.0,22.0,1.0
701,3,0.0,0.0,31.35,2.0,57.0,37.0,3.0
702,4,0.0,0.0,30.92,3.0,58.0,25.0,6.0
703,8,0.0,0.0,31.23,4.0,20.0,39.0,3.0
704,15,0.0,0.0,33.24,8.0,39.0,39.0,18.0
705,49,0.0,0.0,35.58,15.0,16.0,57.0,66.0
706,94,0.0,0.0,37.61,49.0,4.0,58.0,99.0
707,44,0.0,0.0,39.69,94.0,2.0,20.0,97.0
708,70,0.0,0.0,41.57,44.0,2.0,39.0,92.0
709,55,0.0,0.0,42.87,70.0,3.0,16.0,65.0
710,28,0.0,0.0,43.94,55.0,4.0,4.0,35.0
711,24,0.0,0.0,45.08,28.0,8.0,2.0,28.0
712,21,0.0,0.0,44.83,24.0,15.0,2.0,22.0
713,33,0.0,0.0,44.33,21.0,49.0,3.0,37.0
714,35,0.0,0.0,39.39,33.0,94.0,4.0,25.0
715,52,0.0,0.0,37.1,35.0,44.0,8.0,39.0
716,42,0.0,0.0,35.64,52.0,70.0,15.0,39.0
717,67,0.0,0.0,34.15,42.0,55.0,49.0,57.0
718,64,0.0,0.0,33.5,67.0,28.0,94.0,58.0
719,39,0.0,0.0,33.24,64.0,24.0,44.0,20.0
720,72,0.0,0.0,32.95,39.0,21.0,70.0,39.0
721,25,0.0,0.0,32.8,72.0,33.0,55.0,16.0
722,9,0.0,0.0,33.11,25.0,35.0,28.0,4.0
723,2,0.0,0.0,32.89,9.0,52.0,24.0,2.0
724,2,0.0,0.0,32.79,2.0,42.0,21.0,2.0
725,5,0.0,0.0,32.39,2.0,67.0,33.0,3.0
726,5,0.0,0.0,32.17,5.0,64.0,35.0,4.0
727,8,0.0,0.0,32.71,5.0,39.0,52.0,8.0
728,17,0.0,0.0,35.08,8.0,72.0,42.0,15.0
729,22,0.0,0.0,36.75,17.0,25.0,67.0,49.0
730,40,0.0,0.0,38.56,22.0,9.0,64.0,94.0
731,41,0.0,0.0,40.88,40.0,2.0,39.0,44.0
732,56,0.0,0.0,41.53,41.0,2.0,72.0,70.0
733,40,0.0,0.0,41.9,56.0,5.0,25.0,55.0
734,51,0.0,0.0,43.24,40.0,5.0,9.0,28.0
735,35,0.0,0.0,44.38,51.0,8.0,2.0,24.0
736,29,0.0,0.0,43.53,35.0,17.0,2.0,21.0
737,32,0.0,0.0,42.43,29.0,22.0,5.0,33.0
738,42,0.0,0.0,41.13,32.0,40.0,5.0,35.0
739,51,0.0,0.0,38.81,42.0,41.0,8.0,52.0
740,51,0.0,0.0,35.87,51.0,56.0,17.0,42.0
741,60,0.0,0.0,34.15,51.0,40.0,22.0,67.0
742,85,0.0,0.0,33.69,60.0,51.0,40.0,64.0
743,28,0.0,0.0,33.37,85.0,35.0,41.0,39.0
744,50,0.0,0.0,33.48,28.0,29.0,56.0,72.0
745,28,0.0,0.0,31.66,50.0,32.0,40.0,25.0
746,9,0.0,0.0,30.84,28.0,42.0,51.0,9.0
747,4,0.0,0.0,31.04,9.0,51.0,35.0,2.0
748,2,0.0,0.0,29.86,4.0,51.0,29.0,2.0
749,3,0.0,0.0,29.45,2.0,60.0,32.0,5.0
750,3,0.0,0.0,29.74,3.0,85.0,42.0,5.0
751,2,0.0,0.0,30.44,3.0,28.0,51.0,8.0
752,17,0.0,0.0,32.0,2.0,50.0,51.0,17.0
753,36,0.0,0.0,33.23,17.0,28.0,60.0,22.0
754,73,0.0,0.0,35.52,36.0,9.0,85.0,40.0
755,64,0.0,0.0,36.91,73.0,4.0,28.0,41.0
756,73,0.0,0.0,37.84,64.0,2.0,50.0,56.0
757,50,0.0,0.0,38.63,73.0,3.0,28.0,40.0
758,44,0.0,0.0,39.69,50.0,3.0,9.0,51.0
759,24,0.0,0.0,39.87,44.0,2.0,4.0,35.0
760,26,0.0,0.0,40.26,24.0,17.0,2.0,29.0
761,25,0.0,0.0,40.38,26.0,36.0,3.0,32.0
762,20,0.0,0.0,39.28,25.0,73.0,3.0,42.0
763,29,0.0,0.0,35.71,20.0,64.0,2.0,51.0
764,40,0.0,0.0,33.38,29.0,73.0,17.0,51.0
765,61,0.0,0.0,32.7,40.0,50.0,36.0,60.0
766,40,0.0,0.0,31.96,61.0,44.0,73.0,85.0
767,32,0.0,0.0,31.48,40.0,24.0,64.0,28.0
768,52,0.0,0.0,31.14,32.0,26.0,73.0,50.0
769,13,0.0,0.0,30.96,52.0,25.0,50.0,28.0
770,6,0.0,0.0,31.09,13.0,20.0,44.0,9.0
771,1,0.0,0.0,30.86,6.0,29.0,24.0,4.0
772,2,0.0,0.0,31.13,1.0,40.0,26.0,2.0
773,5,0.0,0.0,30.4,2.0,61.0,25.0,3.0
774,4,0.0,0.0,30.33,5.0,40.0,20.0,3.0
775,2,0.0,0.0,30.86,4.0,32.0,29.0,2.0
776,10,0.0,0.0,33.13,2.0,52.0,40.0,17.0
777,30,0.0,0.0,35.3,10.0,13.0,61.0,36.0
778,72,0.0,0.0,36.92,30.0,6.0,40.0,73.0
779,38,0.0,0.0,38.41,72.0,1.0,32.0,64.0
780,67,0.0,0.0,38.61,38.0,2.0,52.0,73.0
781,38,0.0,0.0,40.33,67.0,5.0,13.0,50.0
782,43,0.0,0.0,40.53,38.0,4.0,6.0,44.0
783,32,0.0,0.0,40.89,43.0,2.0,1.0,24.0
784,37,0.0,0.0,40.58,32.0,10.0,2.0,26.0
785,30,0.0,0.0,39.89,37.0,30.0,5.0,25.0
786,27,0.0,0.0,38.45,30.0,72.0,4.0,20.0
787,44,0.0,0.0,37.4,27.0,38.0,2.0,29.0
788,41,0.0,0.0,33.73,44.0,67.0,10.0,40.0
789,67,0.0,0.0,32.82,41.0,38.0,30.0,61.0
790,77,0.0,0.0,31.79,67.0,43.0,72.0,40.0
791,28,0.0,0.0,31.15,77.0,32.0,38.0,32.0
792,67,0.0,0.0,30.86,28.0,37.0,67.0,52.0
793,21,0.0,0.0,30.75,67.0,30.0,38.0,13.0
794,7,0.0,0.0,30.62,21.0,27.0,43.0,6.0
795,2,0.0,0.0,30.16,7.0,44.0,32.0,1.0
796,1,0.0,0.0,30.31,2.0,41.0,37.0,2.0
797,7,0.0,0.0,30.27,1.0,67.0,30.0,5.0
798,4,0.0,0.0,29.87,7.0,77.0,27.0,4.0
799,4,0.0,0.0,30.18,4.0,28.0,44.0,2.0
800,17,0.0,0.0,30.97,4.0,67.0,41.0,10.0
801,30,0.0,0.0,32.08,17.0,21.0,67.0,30.0
802,55,0.0,0.0,33.27,30.0,7.0,77.0,72.0
803,53,0.0,0.0,35.17,55.0,2.0,28.0,38.0
804,54,0.0,0.0,36.19,53.0,1.0,67.0,67.0
805,35,0.0,0.0,37.96,54.0,7.0,21.0,38.0
806,30,0.0,0.0,37.93,35.0,4.0,7.0,43.0
807,37,0.0,0.0,38.7,30.0,4.0,2.0,32.0
808,36,0.0,0.0,38.5,37.0,17.0,1.0,37.0
809,35,0.0,0.0,36.76,36.0,30.0,7.0,30.0
810,35,0.0,0.0,34.81,35.0,55.0,4.0,27.0
811,53,0.0,0.0,33.22,35.0,53.0,4.0,44.0
812,50,0.0,0.0,32.32,53.0,54.0,17.0,41.0
813,69,0.0,0.0,31.58,50.0,35.0,30.0,67.0
814,53,0.0,0.0,31.14,69.0,30.0,55.0,77.0
815,41,0.0,0.0,30.72,53.0,37.0,53.0,28.0
816,48,0.0,0.0,30.47,41.0,36.0,54.0,67.0
817,28,0.0,0.0,30.67,48.0,35.0,35.0,21.0
818,11,0.0,0.0,30.83,28.0,35.0,30.0,7.0
819,5,0.0,0.0,30.61,11.0,53.0,37.0,2.0
820,3,0.0,0.0,30.39,5.0,50.0,36.0,1.0
821,1,0.0,0.0,30.08,3.0,69.0,35.0,7.0
822,7,0.0,0.0,29.92,1.0,53.0,35.0,4.0
823,4,0.0,0.0,30.05,7.0,41.0,53.0,4.0
824,5,0.0,0.0,31.18,4.0,48.0,50.0,17.0
825,16,0.0,0.0,32.56,5.0,28.0,69.0,30.0
826,34,0.0,0.0,33.27,16.0,11.0,53.0,55.0
827,26,0.0,0.0,35.26,34.0,5.0,41.0,53.0
828,45,0.0,0.0,36.18,26.0,3.0,48.0,54.0
829,32,0.0,0.0,36.91,45.0,1.0,28.0,35.0
830,29,0.0,4.4,37.89,32.0,7.0,11.0,30.0
831,40,0.0,4.4,38.22,29.0,4.0,5.0,37.0
832,30,0.0,4.4,38.01,40.0,5.0,3.0,36.0
833,46,0.0,4.4,37.18,30.0,16.0,1.0,35.0
834,38,0.0,4.4,35.1,46.0,34.0,7.0,35.0
835,59,0.0,4.4,33.34,38.0,26.0,4.0,53.0
836,59,0.0,4.4,32.17,59.0,45.0,5.0,50.0
837,86,0.0,4.4,31.89,59.0,32.0,16.0,69.0
838,61,0.0,4.4,31.47,86.0,29.0,34.0,53.0
839,31,0.0,4.4,31.58,61.0,40.0,26.0,41.0
840,40,0.0,4.4,31.48,31.0,30.0,45.0,48.0
841,29,0.0,0.0,31.37,40.0,46.0,32.0,28.0
842,6,0.0,0.0,31.0,29.0,38.0,29.0,11.0
843,2,0.0,0.0,31.05,6.0,59.0,40.0,5.0
844,2,0.0,0.0,30.86,2.0,59.0,30.0,3.0
845,3,0.0,0.0,30.69,2.0,86.0,46.0,1.0
846,6,0.0,0.0,30.57,3.0,61.0,38.0,7.0
847,7,0.0,0.0,30.79,6.0,31.0,59.0,4.0
848,17,0.0,0.0,31.86,7.0,40.0,59.0,5.0
849,38,0.0,0.0,32.96,17.0,29.0,86.0,16.0
850,76,0.0,0.0,34.39,38.0,6.0,61.0,34.0
851,60,0.0,0.0,35.35,76.0,2.0,31.0,26.0
852,82,0.0,0.0,35.9,60.0,2.0,40.0,45.0
853,49,0.0,0.0,35.91,82.0,3.0,29.0,32.0
854,26,0.0,0.0,36.18,49.0,6.0,6.0,29.0
855,30,0.0,0.0,35.19,26.0,7.0,2.0,40.0
856,21,0.0,0.0,35.52,30.0,17.0,2.0,30.0
857,37,0.0,0.0,34.7,21.0,38.0,3.0,46.0
858,31,0.0,0.0,33.38,37.0,76.0,6.0,38.0
859,25,0.0,0.0,32.48,31.0,60.0,7.0,59.0
860,30,0.0,0.0,32.2,25.0,82.0,17.0,59.0
861,59,0.6,20.6,22.19,30.0,49.0,38.0,86.0
862,50,0.0,38.8,22.34,59.0,26.0,76.0,61.0
863,49,0.0,38.8,27.46,50.0,30.0,60.0,31.0
864,32,0.0,39.2,25.9,49.0,21.0,82.0,40.0
865,35,0.0,0.0,25.17,32.0,37.0,49.0,29.0
866,19,0.0,0.0,23.79,35.0,31.0,26.0,6.0
867,7,0.0,0.8,23.37,19.0,25.0,30.0,2.0
868,4,0.0,0.8,23.66,7.0,30.0,21.0,2.0
869,2,0.0,3.0,23.21,4.0,59.0,37.0,3.0
870,3,0.0,3.4,23.43,2.0,50.0,31.0,6.0
871,2,0.0,3.4,23.72,3.0,49.0,25.0,7.0
872,15,0.0,3.4,24.9,2.0,32.0,30.0,17.0
873,27,0.0,3.4,28.7,15.0,35.0,59.0,38.0
874,54,0.0,3.4,30.07,27.0,19.0,50.0,76.0
875,52,0.0,3.4,31.26,54.0,7.0,49.0,60.0
876,58,0.0,3.4,33.29,52.0,4.0,32.0,82.0
877,29,0.0,3.4,34.58,58.0,2.0,35.0,49.0
878,28,0.0,3.4,35.25,29.0,3.0,19.0,26.0
879,28,0.0,3.4,35.74,28.0,2.0,7.0,30.0
880,14,0.0,3.4,34.97,28.0,15.0,4.0,21.0
881,29,0.0,3.4,34.23,14.0,27.0,2.0,37.0
882,24,0.0,3.4,32.62,29.0,54.0,3.0,31.0
883,23,0.0,3.4,31.95,24.0,52.0,2.0,25.0
884,24,0.0,3.4,31.05,23.0,58.0,15.0,30.0
885,57,0.0,3.4,30.39,24.0,29.0,27.0,59.0
886,43,0.0,3.4,30.03,57.0,28.0,54.0,50.0
887,25,0.0,3.4,29.99,43.0,28.0,52.0,49.0
888,43,0.0,3.4,29.89,25.0,14.0,58.0,32.0
889,15,0.0,0.0,30.01,43.0,29.0,29.0,35.0
890,9,0.2,1.6,23.43,15.0,24.0,28.0,19.0
891,3,0.0,4.6,23.35,9.0,23.0,28.0,7.0
892,6,0.0,4.6,23.33,3.0,24.0,14.0,4.0
893,7,0.0,4.6,23.42,6.0,57.0,29.0,2.0
894,12,0.0,4.6,23.64,7.0,43.0,24.0,3.0
895,5,0.0,4.6,24.43,12.0,25.0,23.0,2.0
896,13,0.0,4.6,25.27,5.0,43.0,24.0,15.0
897,34,0.0,4.8,27.27,13.0,15.0,57.0,27.0
898,39,0.0,4.8,28.13,34.0,9.0,43.0,54.0
899,24,0.0,4.8,30.42,39.0,3.0,25.0,52.0
900,47,0.0,4.8,31.15,24.0,6.0,43.0,58.0
901,24,0.0,4.8,30.46,47.0,7.0,15.0,29.0
902,18,0.0,4.8,31.97,24.0,12.0,9.0,28.0
903,24,0.0,4.8,32.89,18.0,5.0,3.0,28.0
904,21,0.0,4.8,33.5,24.0,13.0,6.0,14.0
905,33,0.0,4.8,33.03,21.0,34.0,7.0,29.0
906,27,0.0,4.8,31.37,33.0,39.0,12.0,24.0
907,34,0.0,4.8,30.33,27.0,24.0,5.0,23.0
908,35,0.0,4.8,29.56,34.0,47.0,13.0,24.0
909,47,0.0,4.8,29.05,35.0,24.0,34.0,57.0
910,41,0.0,4.8,28.42,47.0,18.0,39.0,43.0
911,23,0.0,4.8,28.08,41.0,24.0,24.0,25.0
912,64,0.0,4.8,28.04,23.0,21.0,47.0,43.0
913,23,0.0,0.0,27.61,64.0,33.0,24.0,15.0
914,1,0.0,0.0,27.22,23.0,27.0,18.0,9.0
915,4,0.0,0.0,27.65,1.0,34.0,24.0,3.0
916,3,0.0,0.0,27.22,4.0,35.0,21.0,6.0
917,4,0.0,0.0,27.2,3.0,47.0,33.0,7.0
918,6,0.0,0.0,26.64,4.0,41.0,27.0,12.0
919,5,0.0,0.0,28.0,6.0,23.0,34.0,5.0
920,10,0.0,0.0,29.09,5.0,64.0,35.0,13.0
921,37,0.0,0.0,29.74,10.0,23.0,47.0,34.0
922,55,0.0,0.0,31.58,37.0,1.0,41.0,39.0
923,52,0.0,0.0,33.13,55.0,4.0,23.0,24.0
924,72,0.0,0.0,33.33,52.0,3.0,64.0,47.0
925,55,0.0,0.6,31.96,72.0,4.0,23.0,24.0
926,28,0.0,0.8,31.55,55.0,6.0,1.0,18.0
927,20,0.0,15.8,22.88,28.0,5.0,4.0,24.0
928,30,0.0,17.0,23.32,20.0,10.0,3.0,21.0
929,29,0.0,18.2,25.83,30.0,37.0,4.0,33.0
930,34,0.0,18.2,25.27,29.0,55.0,6.0,27.0
931,36,0.0,18.2,24.95,34.0,52.0,5.0,34.0
932,59,0.0,18.2,24.49,36.0,72.0,10.0,35.0
933,75,0.0,19.0,23.33,59.0,55.0,37.0,47.0
934,73,0.0,20.0,23.27,75.0,28.0,55.0,41.0
935,44,0.0,20.0,23.59,73.0,20.0,52.0,23.0
936,45,0.0,20.0,23.86,44.0,30.0,72.0,64.0
937,22,0.0,0.0,24.15,45.0,29.0,55.0,23.0
938,5,0.0,0.0,24.18,22.0,34.0,28.0,1.0
939,1,0.0,0.0,24.2,5.0,36.0,20.0,4.0
940,3,0.0,0.0,23.75,1.0,59.0,30.0,3.0
941,2,0.0,0.0,23.59,3.0,75.0,29.0,4.0
942,4,0.0,0.0,23.0,2.0,73.0,34.0,6.0
943,2,0.0,0.0,23.91,4.0,44.0,36.0,5.0
944,9,0.0,0.2,25.63,2.0,45.0,59.0,10.0
945,32,0.0,0.2,26.21,9.0,22.0,75.0,37.0
946,89,0.0,0.2,28.91,32.0,5.0,73.0,55.0
947,80,0.0,0.2,31.47,89.0,1.0,44.0,52.0
948,108,0.0,0.2,32.48,80.0,3.0,45.0,72.0
949,63,0.0,0.2,32.45,108.0,2.0,22.0,55.0
950,47,0.0,0.2,31.16,63.0,4.0,5.0,28.0
951,33,0.0,0.2,33.62,47.0,2.0,1.0,20.0
952,28,0.0,0.2,33.5,33.0,9.0,3.0,30.0
953,32,0.0,0.2,32.61,28.0,32.0,2.0,29.0
954,34,0.0,0.2,31.61,32.0,89.0,4.0,34.0
955,36,0.0,0.2,29.2,34.0,80.0,2.0,36.0
956,70,0.0,0.2,28.48,36.0,108.0,9.0,59.0
957,87,0.0,0.2,28.01,70.0,63.0,32.0,75.0
958,88,0.0,0.2,27.91,87.0,47.0,89.0,73.0
959,40,0.0,0.2,27.72,88.0,33.0,80.0,44.0
960,80,0.0,0.2,27.46,40.0,28.0,108.0,45.0
961,38,0.0,0.0,27.22,80.0,32.0,63.0,22.0
962,19,0.0,0.0,26.99,38.0,34.0,47.0,5.0
963,7,0.0,0.0,26.89,19.0,36.0,33.0,1.0
964,5,0.0,0.0,26.89,7.0,70.0,28.0,3.0
965,3,0.0,0.0,26.93,5.0,87.0,32.0,2.0
966,5,0.0,0.0,26.96,3.0,88.0,34.0,4.0
967,8,0.0,0.0,27.86,5.0,40.0,36.0,2.0
968,10,0.0,0.0,29.76,8.0,80.0,70.0,9.0
969,27,0.0,0.0,31.28,10.0,38.0,87.0,32.0
970,47,0.0,0.0,32.96,27.0,19.0,88.0,89.0
971,59,0.0,0.0,33.31,47.0,7.0,40.0,80.0
972,91,0.0,0.0,34.67,59.0,5.0,80.0,108.0
973,53,0.0,0.0,35.06,91.0,3.0,38.0,63.0
974,39,0.0,0.0,28.36,53.0,5.0,19.0,47.0
975,48,0.0,2.0,27.56,39.0,8.0,7.0,33.0
976,32,0.0,2.0,26.99,48.0,10.0,5.0,28.0
977,41,0.0,2.0,27.01,32.0,27.0,3.0,32.0
978,44,0.0,2.0,26.29,41.0,47.0,5.0,34.0
979,53,0.0,2.0,25.97,44.0,59.0,8.0,36.0
980,55,0.0,2.0,25.78,53.0,91.0,10.0,70.0
981,62,0.0,2.4,25.7,55.0,53.0,27.0,87.0
982,65,0.0,2.4,25.88,62.0,39.0,47.0,88.0
983,44,0.0,2.4,25.51,65.0,48.0,59.0,40.0
984,34,0.0,2.4,25.26,44.0,32.0,91.0,80.0
985,41,0.0,0.0,24.97,34.0,41.0,53.0,38.0
986,13,0.0,0.0,25.15,41.0,44.0,39.0,19.0
987,9,0.0,0.0,25.05,13.0,53.0,48.0,7.0
988,0,0.0,0.0,24.77,9.0,55.0,32.0,5.0
989,7,0.0,0.0,24.72,0.0,62.0,41.0,3.0
990,5,0.0,0.0,24.45,7.0,65.0,44.0,5.0
991,3,0.0,0.0,25.94,5.0,44.0,53.0,8.0
992,14,0.0,0.2,27.72,3.0,34.0,55.0,10.0
993,24,0.0,0.2,28.65,14.0,41.0,62.0,27.0
994,38,0.0,0.2,31.25,24.0,13.0,65.0,47.0
995,39,0.0,0.2,33.05,38.0,9.0,44.0,59.0
996,44,0.0,0.2,33.09,39.0,0.0,34.0,91.0
997,24,0.0,0.2,33.53,44.0,7.0,41.0,53.0
998,29,0.0,0.2,35.03,24.0,5.0,13.0,39.0
999,43,0.0,0.2,35.56,29.0,3.0,9.0,48.0
1000,26,0.0,0.2,36.66,43.0,14.0,0.0,32.0
1001,44,0.0,0.2,35.14,26.0,24.0,7.0,41.0
1002,51,0.0,0.2,34.44,44.0,38.0,5.0,44.0
1003,49,0.0,0.2,32.7,51.0,39.0,3.0,53.0
1004,58,0.0,0.2,31.37,49.0,44.0,14.0,55.0
1005,63,0.0,0.2,31.05,58.0,24.0,24.0,62.0
1006,75,0.0,0.2,30.09,63.0,29.0,38.0,65.0
1007,39,0.0,0.2,29.43,75.0,43.0,39.0,44.0
1008,40,0.0,0.2,28.92,39.0,26.0,44.0,34.0
1009,24,0.0,0.0,28.49,40.0,44.0,24.0,41.0
1010,17,0.0,0.0,28.15,24.0,51.0,29.0,13.0
1011,4,0.0,0.0,27.93,17.0,49.0,43.0,9.0
1012,2,0.0,0.0,28.06,4.0,58.0,26.0,0.0
1013,2,0.0,0.0,27.79,2.0,63.0,44.0,7.0
1014,7,0.0,0.0,28.04,2.0,75.0,51.0,5.0
1015,3,0.0,0.0,29.4,7.0,39.0,49.0,3.0
1016,15,0.0,0.0,31.52,3.0,40.0,58.0,14.0
1017,41,0.0,0.0,33.72,15.0,24.0,63.0,24.0
1018,81,0.0,0.0,34.53,41.0,17.0,75.0,38.0
1019,50,0.0,0.0,34.26,81.0,4.0,39.0,39.0
1020,39,0.0,0.0,35.02,50.0,2.0,40.0,44.0
1021,27,0.0,0.0,36.61,39.0,2.0,24.0,24.0
1022,28,0.0,0.0,36.54,27.0,7.0,17.0,29.0
1023,16,0.0,0.0,36.64,28.0,3.0,4.0,43.0
1024,23,0.0,0.0,35.16,16.0,15.0,2.0,26.0
1025,25,0.0,0.0,35.79,23.0,41.0,2.0,44.0
1026,26,0.0,0.0,35.34,25.0,81.0,7.0,51.0
1027,39,0.0,0.0,33.34,26.0,50.0,3.0,49.0
1028,30,0.0,0.0,32.0,39.0,39.0,15.0,58.0
1029,29,0.0,0.0,31.53,30.0,27.0,41.0,63.0
1030,29,0.0,0.0,30.73,29.0,28.0,81.0,75.0
1031,23,0.0,0.0,30.1,29.0,16.0,50.0,39.0
1032,28,0.0,0.0,29.61,23.0,23.0,39.0,40.0
1033,19,0.0,0.0,29.44,28.0,25.0,27.0,24.0
1034,5,0.0,0.0,29.19,19.0,26.0,28.0,17.0
1035,3,0.0,0.0,28.94,5.0,39.0,16.0,4.0
1036,5,0.0,0.0,28.76,3.0,30.0,23.0,2.0
1037,5,0.0,0.0,28.74,5.0,29.0,25.0,2.0
1038,5,0.0,0.0,28.64,5.0,29.0,26.0,7.0
1039,4,0.0,0.0,29.67,5.0,23.0,39.0,3.0
1040,10,0.0,0.0,30.53,4.0,28.0,30.0,15.0
1041,30,0.0,0.0,33.66,10.0,19.0,29.0,41.0
1042,62,0.0,0.0,34.0,30.0,5.0,29.0,81.0
1043,48,0.0,0.0,35.32,62.0,3.0,23.0,50.0
1044,49,0.0,0.0,35.78,48.0,5.0,28.0,39.0
1045,25,0.0,0.0,36.69,49.0,5.0,19.0,27.0
1046,33,0.0,0.0,36.62,25.0,5.0,5.0,28.0
1047,28,0.0,0.0,37.39,33.0,4.0,3.0,16.0
1048,15,0.0,0.0,37.43,28.0,10.0,5.0,23.0
1049,17,0.0,0.0,36.7,15.0,30.0,5.0,25.0
1050,22,0.0,0.0,34.27,17.0,62.0,5.0,26.0
1051,28,0.0,0.0,32.82,22.0,48.0,4.0,39.0
1052,26,0.0,0.0,31.74,28.0,49.0,10.0,30.0
1053,65,0.0,0.0,30.97,26.0,25.0,30.0,29.0
1054,62,0.0,0.0,30.6,65.0,33.0,62.0,29.0
1055,29,0.0,0.0,30.2,62.0,28.0,48.0,23.0
1056,27,0.0,0.0,29.86,29.0,15.0,49.0,28.0
1057,28,0.0,0.0,29.72,27.0,17.0,25.0,19.0
1058,6,0.0,0.0,29.52,28.0,22.0,33.0,5.0
1059,5,0.0,0.0,29.23,6.0,28.0,28.0,3.0
1060,1,0.0,0.0,29.0,5.0,26.0,15.0,5.0
1061,2,0.0,0.0,28.84,1.0,65.0,17.0,5.0
1062,9,0.0,0.0,28.67,2.0,62.0,22.0,5.0
1063,3,0.0,0.0,29.56,9.0,29.0,28.0,4.0
1064,11,0.0,0.0,30.66,3.0,27.0,26.0,10.0
1065,36,0.0,0.0,32.4,11.0,28.0,65.0,30.0
1066,53,0.0,0.0,33.1,36.0,6.0,62.0,62.0
1067,63,0.0,0.0,35.25,53.0,5.0,29.0,48.0
1068,64,0.0,0.0,35.67,63.0,1.0,27.0,49.0
1069,32,0.0,0.0,37.03,64.0,2.0,28.0,25.0
1070,31,0.0,0.0,38.31,32.0,9.0,6.0,33.0
1071,22,0.0,0.0,38.62,31.0,3.0,5.0,28.0
1072,29,0.0,0.0,39.05,22.0,11.0,1.0,15.0
1073,34,0.0,0.0,38.97,29.0,36.0,2.0,17.0
1074,35,0.0,0.0,36.63,34.0,53.0,9.0,22.0
1075,20,0.0,0.0,34.21,35.0,63.0,3.0,28.0
1076,34,0.0,0.0,32.9,20.0,64.0,11.0,26.0
1077,69,0.0,0.0,32.18,34.0,32.0,36.0,65.0
1078,52,0.0,0.0,31.35,69.0,31.0,53.0,62.0
1079,30,0.0,0.0,30.76,52.0,22.0,63.0,29.0
1080,40,0.0,0.0,30.28,30.0,29.0,64.0,27.0
1081,17,0.0,0.0,29.99,40.0,34.0,32.0,28.0
1082,8,0.0,0.0,30.05,17.0,35.0,31.0,6.0
1083,3,0.0,0.0,30.09,8.0,20.0,22.0,5.0
1084,1,0.0,0.0,30.02,3.0,34.0,29.0,1.0
1085,4,0.0,0.0,29.92,1.0,69.0,34.0,2.0
1086,6,0.0,0.0,29.75,4.0,52.0,35.0,9.0
1087,8,0.0,0.0,30.85,6.0,30.0,20.0,3.0
1088,8,0.0,0.0,31.05,8.0,40.0,34.0,11.0
1089,33,0.0,0.0,32.22,8.0,17.0,69.0,36.0
1090,47,0.0,0.0,34.97,33.0,8.0,52.0,53.0
1091,49,0.0,0.0,34.68,47.0,3.0,30.0,63.0
1092,51,0.0,0.0,36.74,49.0,1.0,40.0,64.0
1093,33,0.0,0.0,37.71,51.0,4.0,17.0,32.0
1094,31,0.0,0.0,38.25,33.0,6.0,8.0,31.0
1095,29,0.0,0.0,38.95,31.0,8.0,3.0,22.0
1096,18,0.0,0.0,38.68,29.0,8.0,1.0,29.0
1097,39,0.0,0.0,38.38,18.0,33.0,4.0,34.0
1098,35,0.0,0.0,37.13,39.0,47.0,6.0,35.0
1099,40,0.0,0.0,35.16,35.0,49.0,8.0,20.0
1100,35,0.0,0.0,33.68,40.0,51.0,8.0,34.0
1101,73,0.0,0.0,32.7,35.0,33.0,33.0,69.0
1102,59,0.0,0.0,32.03,73.0,31.0,47.0,52.0
1103,26,0.0,0.0,31.58,59.0,29.0,49.0,30.0
1104,53,0.0,0.0,30.82,26.0,18.0,51.0,40.0
1105,20,0.0,0.0,30.51,53.0,39.0,33.0,17.0
1106,18,0.0,0.0,30.44,20.0,35.0,31.0,8.0
1107,4,0.0,0.0,30.57,18.0,40.0,29.0,3.0
1108,3,0.0,0.0,30.47,4.0,35.0,18.0,1.0
1109,4,0.0,0.0,30.12,3.0,73.0,39.0,4.0
1110,2,0.0,0.0,30.11,4.0,59.0,35.0,6.0
1111,2,0.0,0.0,30.67,2.0,26.0,40.0,8.0
1112,17,0.0,0.0,31.88,2.0,53.0,35.0,8.0
1113,42,0.0,0.0,33.12,17.0,20.0,73.0,33.0
1114,64,0.0,0.0,34.66,42.0,18.0,59.0,47.0
1115,76,0.0,0.0,35.52,64.0,4.0,26.0,49.0
1116,75,0.0,0.0,37.23,76.0,3.0,53.0,51.0
1117,42,0.0,0.0,38.65,75.0,4.0,20.0,33.0
1118,39,0.0,0.0,40.01,42.0,2.0,18.0,31.0
1119,40,0.0,0.0,39.56,39.0,2.0,4.0,29.0
1120,37,0.0,0.0,39.28,40.0,17.0,3.0,18.0
1121,41,0.0,0.0,38.75,37.0,42.0,4.0,39.0
1122,40,0.0,0.0,36.69,41.0,64.0,2.0,35.0
1123,42,0.0,0.0,34.48,40.0,76.0,2.0,40.0
1124,49,0.0,0.0,33.27,42.0,75.0,17.0,35.0
1125,120,0.0,0.0,32.15,49.0,42.0,42.0,73.0
1126,116,0.0,0.0,31.32,120.0,39.0,64.0,59.0
1127,35,0.0,0.0,31.16,116.0,40.0,76.0,26.0
1128,103,0.0,0.0,30.92,35.0,37.0,75.0,53.0
1129,34,0.0,0.0,30.98,103.0,41.0,42.0,20.0
1130,6,0.0,0.0,30.89,34.0,40.0,39.0,18.0
1131,6,0.0,0.0,30.79,6.0,42.0,40.0,4.0
1132,5,0.0,0.0,30.75,6.0,49.0,37.0,3.0
1133,8,0.0,0.0,30.61,5.0,120.0,41.0,4.0
1134,2,0.0,0.0,30.38,8.0,116.0,40.0,2.0
1135,4,0.0,0.0,30.52,2.0,35.0,42.0,2.0
1136,15,0.0,0.0,31.18,4.0,103.0,49.0,17.0
1137,45,0.0,0.0,32.4,15.0,34.0,120.0,42.0
1138,61,0.0,0.0,34.4,45.0,6.0,116.0,64.0
1139,57,0.0,0.0,35.75,61.0,6.0,35.0,76.0
1140,85,0.0,0.0,36.92,57.0,5.0,103.0,75.0
1141,46,0.0,0.0,39.69,85.0,8.0,34.0,42.0
1142,39,0.0,0.0,39.86,46.0,2.0,6.0,39.0
1143,50,0.0,0.0,39.58,39.0,4.0,6.0,40.0
1144,33,0.0,0.0,40.2,50.0,15.0,5.0,37.0
1145,36,0.0,0.0,38.6,33.0,45.0,8.0,41.0
1146,60,0.0,0.4,34.87,36.0,61.0,2.0,40.0
1147,54,0.0,0.4,32.52,60.0,57.0,4.0,42.0
1148,48,0.0,0.4,30.7,54.0,85.0,15.0,49.0
1149,70,0.0,0.4,28.86,48.0,46.0,45.0,120.0
1150,76,0.0,0.4,29.16,70.0,39.0,61.0,116.0
1151,36,0.0,0.6,29.25,76.0,50.0,57.0,35.0
1152,60,0.0,0.6,30.14,36.0,33.0,85.0,103.0
1153,34,0.0,0.0,30.62,60.0,36.0,46.0,34.0
1154,11,0.0,0.0,30.64,34.0,60.0,39.0,6.0
1155,5,0.0,0.0,30.51,11.0,54.0,50.0,6.0
1156,3,0.0,0.0,30.7,5.0,48.0,33.0,5.0
1157,6,0.0,0.0,30.72,3.0,70.0,36.0,8.0
1158,7,0.0,0.0,30.79,6.0,76.0,60.0,2.0
1159,7,0.0,0.0,30.94,7.0,36.0,54.0,4.0
1160,14,0.0,0.0,31.37,7.0,60.0,48.0,15.0
1161,29,0.0,0.0,33.24,14.0,34.0,70.0,45.0
1162,40,0.0,0.0,33.36,29.0,11.0,76.0,61.0
1163,38,0.0,0.0,33.64,40.0,5.0,36.0,57.0
1164,40,0.0,0.0,35.37,38.0,3.0,60.0,85.0
1165,34,0.0,0.0,36.55,40.0,6.0,34.0,46.0
1166,37,0.0,0.0,37.73,34.0,7.0,11.0,39.0
1167,35,0.0,0.0,39.14,37.0,7.0,5.0,50.0
1168,34,0.0,0.0,38.75,35.0,14.0,3.0,33.0
1169,44,0.0,0.0,37.24,34.0,29.0,6.0,36.0
1170,43,0.0,0.0,36.44,44.0,40.0,7.0,60.0
1171,37,0.0,0.0,34.93,43.0,38.0,7.0,54.0
1172,56,0.0,0.0,33.44,37.0,40.0,14.0,48.0
1173,71,0.0,0.0,32.69,56.0,34.0,29.0,70.0
1174,55,0.0,0.0,31.55,71.0,37.0,40.0,76.0
1175,30,0.0,0.0,30.87,55.0,35.0,38.0,36.0
1176,45,0.0,0.0,30.48,30.0,34.0,40.0,60.0
1177,26,0.0,0.0,30.28,45.0,44.0,34.0,34.0
1178,12,0.0,0.0,30.46,26.0,43.0,37.0,11.0
1179,8,0.0,0.0,30.49,12.0,37.0,35.0,5.0
1180,2,0.0,0.0,30.07,8.0,56.0,34.0,3.0
1181,4,0.0,0.0,30.34,2.0,71.0,44.0,6.0
1182,2,0.0,0.0,30.33,4.0,55.0,43.0,7.0
1183,13,0.0,0.0,30.97,2.0,30.0,37.0,7.0
1184,16,0.0,0.0,31.47,13.0,45.0,56.0,14.0
1185,39,0.0,0.0,32.95,16.0,26.0,71.0,29.0
1186,77,0.0,0.0,34.4,39.0,12.0,55.0,40.0
1187,60,0.0,0.0,36.22,77.0,8.0,30.0,38.0
1188,77,0.0,0.0,37.02,60.0,2.0,45.0,40.0
1189,20,0.2,1.8,28.84,77.0,4.0,26.0,34.0
1190,28,0.0,5.0,26.47,20.0,2.0,12.0,37.0
1191,38,0.0,5.0,29.27,28.0,13.0,8.0,35.0
1192,20,0.0,5.0,30.57,38.0,16.0,2.0,34.0
1193,24,0.0,5.0,28.67,20.0,39.0,4.0,44.0
1194,20,0.0,5.8,28.3,24.0,77.0,2.0,43.0
1195,28,0.0,6.4,27.85,20.0,60.0,13.0,37.0
1196,27,0.0,6.4,27.29,28.0,77.0,16.0,56.0
1197,34,0.0,6.4,27.33,27.0,20.0,39.0,71.0
1198,43,0.0,6.4,27.27,34.0,28.0,77.0,55.0
1199,13,0.0,6.4,27.23,43.0,38.0,60.0,30.0
1200,30,0.0,6.4,27.37,13.0,20.0,77.0,45.0
1201,14,0.0,0.0,27.43,30.0,24.0,20.0,26.0
1202,5,0.0,0.0,27.54,14.0,20.0,28.0,12.0
1203,1,0.0,0.0,27.29,5.0,28.0,38.0,8.0
1204,0,0.0,0.0,27.02,1.0,27.0,20.0,2.0
1205,1,0.0,0.0,27.06,0.0,34.0,24.0,4.0
1206,4,0.0,0.0,26.52,1.0,43.0,20.0,2.0
1207,6,0.0,0.0,27.18,4.0,13.0,28.0,13.0
1208,6,0.0,0.0,29.24,6.0,30.0,27.0,16.0
1209,17,0.0,0.0,29.61,6.0,14.0,34.0,39.0
1210,28,0.0,0.0,32.44,17.0,5.0,43.0,77.0
1211,14,0.0,0.0,33.18,28.0,1.0,13.0,60.0
1212,18,0.0,0.0,34.76,14.0,0.0,30.0,77.0
1213,13,0.0,0.0,36.32,18.0,1.0,14.0,20.0
1214,14,0.0,0.0,35.59,13.0,4.0,5.0,28.0
1215,20,0.0,0.0,36.32,14.0,6.0,1.0,38.0
1216,14,0.0,0.0,37.12,20.0,6.0,0.0,20.0
1217,18,0.0,0.0,36.55,14.0,17.0,1.0,24.0
1218,8,0.0,0.0,34.07,18.0,28.0,4.0,20.0
1219,15,0.0,0.0,32.97,8.0,14.0,6.0,28.0
1220,9,0.0,0.0,32.23,15.0,18.0,6.0,27.0
1221,24,0.0,0.0,31.66,9.0,13.0,17.0,34.0
1222,22,0.0,0.0,31.29,24.0,14.0,28.0,43.0
1223,7,0.0,0.0,30.83,22.0,20.0,14.0,13.0
1224,15,0.0,0.0,30.34,7.0,14.0,18.0,30.0
1225,13,0.0,0.0,29.86,15.0,18.0,13.0,14.0
1226,8,0.0,0.0,29.64,13.0,8.0,14.0,5.0
1227,4,0.0,0.0,29.65,8.0,15.0,20.0,1.0
1228,1,0.0,0.0,29.42,4.0,9.0,14.0,0.0
1229,2,0.0,0.0,29.13,1.0,24.0,18.0,1.0
1230,3,0.0,0.0,29.21,2.0,22.0,8.0,4.0
1231,0,0.0,0.0,29.96,3.0,7.0,15.0,6.0
1232,14,0.0,0.0,32.48,0.0,15.0,9.0,6.0
1233,16,0.0,0.0,34.04,14.0,13.0,24.0,17.0
1234,28,0.0,0.0,35.76,16.0,8.0,22.0,28.0
1235,43,0.0,0.0,35.76,28.0,4.0,7.0,14.0
1236,50,0.0,0.0,36.91,43.0,1.0,15.0,18.0
1237,29,0.0,0.0,38.06,50.0,2.0,13.0,13.0
1238,18,0.0,0.0,38.06,29.0,3.0,8.0,14.0
1239,25,0.0,0.0,32.57,18.0,0.0,4.0,20.0
1240,29,0.2,11.8,25.95,25.0,14.0,1.0,14.0
1241,17,0.0,12.4,28.83,29.0,16.0,2.0,18.0
1242,18,0.0,12.4,30.89,17.0,28.0,3.0,8.0
1243,12,0.0,12.4,30.29,18.0,43.0,0.0,15.0
1244,32,0.0,12.4,29.8,12.0,50.0,14.0,9.0
1245,51,0.0,12.4,29.64,32.0,29.0,16.0,24.0
1246,33,0.0,12.4,29.55,51.0,18.0,28.0,22.0
1247,18,0.0,12.4,29.67,33.0,25.0,43.0,7.0
1248,37,0.0,12.4,29.74,18.0,29.0,50.0,15.0
1249,20,0.0,0.0,29.65,37.0,17.0,29.0,13.0
1250,0,0.0,0.0,29.34,20.0,18.0,18.0,8.0
1251,6,0.0,0.0,29.1,0.0,12.0,25.0,4.0
1252,4,0.0,0.0,29.22,6.0,32.0,29.0,1.0
1253,1,0.0,0.0,28.86,4.0,51.0,17.0,2.0
1254,0,0.0,0.0,28.8,1.0,33.0,18.0,3.0
1255,2,0.0,0.0,30.39,0.0,18.0,12.0,0.0
1256,7,0.0,0.0,32.73,2.0,37.0,32.0,14.0
1257,23,0.0,0.0,33.07,7.0,20.0,51.0,16.0
1258,40,0.0,0.0,34.27,23.0,0.0,33.0,28.0
1259,39,0.0,0.0,34.44,40.0,6.0,18.0,43.0
1260,34,0.0,0.0,36.37,39.0,4.0,37.0,50.0
1261,29,0.0,0.0,37.05,34.0,1.0,20.0,29.0
1262,14,0.0,0.0,37.92,29.0,0.0,0.0,18.0
1263,16,0.0,0.0,37.81,14.0,2.0,6.0,25.0
1264,19,0.0,0.0,39.2,16.0,7.0,4.0,29.0
1265,16,0.0,0.0,36.3,19.0,23.0,1.0,17.0
1266,23,0.0,0.0,32.67,16.0,40.0,0.0,18.0
1267,18,0.0,0.0,31.87,23.0,39.0,2.0,12.0
1268,18,0.0,0.0,31.01,18.0,34.0,7.0,32.0
1269,26,0.0,0.0,30.82,18.0,29.0,23.0,51.0
1270,33,0.0,0.0,30.83,26.0,14.0,40.0,33.0
1271,22,0.0,0.0,30.19,33.0,16.0,39.0,18.0
1272,24,0.0,0.0,30.43,22.0,19.0,34.0,37.0
1273,16,0.0,0.0,30.14,24.0,16.0,29.0,20.0
1274,6,0.0,0.0,29.92,16.0,23.0,14.0,0.0
1275,1,0.0,0.0,29.58,6.0,18.0,16.0,6.0
1276,2,0.0,0.0,29.59,1.0,18.0,19.0,4.0
1277,3,0.0,0.0,29.28,2.0,26.0,16.0,1.0
1278,4,0.0,0.0,28.9,3.0,33.0,23.0,0.0
1279,2,0.0,0.0,30.31,4.0,22.0,18.0,2.0
1280,4,0.0,0.0,32.45,2.0,24.0,18.0,7.0
1281,18,0.0,0.0,34.38,4.0,16.0,26.0,23.0
1282,53,0.0,0.0,35.76,18.0,6.0,33.0,40.0
1283,35,0.0,0.0,36.44,53.0,1.0,22.0,39.0
1284,42,0.0,0.0,36.92,35.0,2.0,24.0,34.0
1285,15,0.0,0.0,37.74,42.0,3.0,16.0,29.0
1286,20,0.0,0.0,38.03,15.0,4.0,6.0,14.0
1287,37,0.0,0.0,39.17,20.0,2.0,1.0,16.0
1288,18,0.0,0.0,39.36,37.0,4.0,2.0,19.0
1289,29,0.0,0.0,40.06,18.0,18.0,3.0,16.0
1290,26,0.0,0.0,39.07,29.0,53.0,4.0,23.0
1291,22,0.0,0.0,34.15,26.0,35.0,2.0,18.0
1292,36,0.0,0.0,33.08,22.0,42.0,4.0,18.0
1293,101,0.0,0.0,32.4,36.0,15.0,18.0,26.0
1294,86,0.0,0.0,31.95,101.0,20.0,53.0,33.0
1295,25,0.0,0.0,31.63,86.0,37.0,35.0,22.0
1296,62,0.0,0.0,31.48,25.0,18.0,42.0,24.0
1297,40,0.0,0.0,31.45,62.0,29.0,15.0,16.0
1298,5,0.0,0.0,31.61,40.0,26.0,20.0,6.0
1299,7,0.0,0.0,31.44,5.0,22.0,37.0,1.0
1300,0,0.0,0.0,31.14,7.0,36.0,18.0,2.0
1301,5,0.0,0.0,30.77,0.0,101.0,29.0,3.0
1302,7,0.0,0.0,30.35,5.0,86.0,26.0,4.0
1303,1,0.0,0.0,31.16,7.0,25.0,22.0,2.0
1304,21,0.0,0.0,33.21,1.0,62.0,36.0,4.0
1305,17,0.0,0.0,35.06,21.0,40.0,101.0,18.0
1306,31,0.0,0.0,35.79,17.0,5.0,86.0,53.0
1307,44,0.0,0.0,36.51,31.0,7.0,25.0,35.0
1308,28,0.0,0.0,37.3,44.0,0.0,62.0,42.0
1309,27,0.0,0.0,37.71,28.0,5.0,40.0,15.0
1310,33,0.0,0.0,39.2,27.0,7.0,5.0,20.0
1311,22,0.0,0.0,39.66,33.0,1.0,7.0,37.0
1312,27,0.0,0.0,33.96,22.0,21.0,0.0,18.0
1313,29,0.0,0.0,34.15,27.0,17.0,5.0,29.0
1314,34,0.0,0.0,35.06,29.0,31.0,7.0,26.0
1315,43,0.0,0.0,34.15,34.0,44.0,1.0,22.0
1316,37,0.0,0.0,33.52,43.0,28.0,21.0,36.0
1317,54,0.0,0.0,33.21,37.0,27.0,17.0,101.0
1318,23,0.0,0.0,32.6,54.0,33.0,31.0,86.0
1319,27,0.0,0.0,31.77,23.0,22.0,44.0,25.0
1320,26,0.0,0.0,31.03,27.0,27.0,28.0,62.0
1321,13,0.0,0.0,30.44,26.0,29.0,27.0,40.0
1322,2,0.0,0.0,30.08,13.0,34.0,33.0,5.0
1323,1,0.0,0.0,29.86,2.0,43.0,22.0,7.0
1324,1,0.0,0.2,28.38,1.0,37.0,27.0,0.0
1325,3,0.0,0.2,28.71,1.0,54.0,29.0,5.0
1326,5,0.0,0.2,28.69,3.0,23.0,34.0,7.0
1327,3,0.0,0.6,28.16,5.0,27.0,43.0,1.0
1328,11,0.6,4.6,27.32,3.0,26.0,37.0,21.0
1329,16,0.0,8.2,27.85,11.0,13.0,54.0,17.0
1330,31,0.0,8.4,29.61,16.0,2.0,23.0,31.0
1331,27,0.0,8.4,31.77,31.0,1.0,27.0,44.0
1332,53,0.0,8.4,31.9,27.0,1.0,26.0,28.0
1333,16,0.0,8.4,32.2,53.0,3.0,13.0,27.0
1334,17,0.0,8.4,31.37,16.0,5.0,2.0,33.0
1335,7,0.0,10.0,28.1,17.0,3.0,1.0,22.0
1336,6,0.0,11.2,28.26,7.0,11.0,1.0,27.0
1337,11,0.0,11.6,28.94,6.0,16.0,3.0,29.0
1338,5,0.0,12.0,27.77,11.0,31.0,5.0,34.0
1339,8,0.0,12.2,28.11,5.0,27.0,3.0,43.0
1340,5,0.0,12.4,28.3,8.0,53.0,11.0,37.0
1341,1,0.0,12.4,28.35,5.0,16.0,16.0,54.0
1342,4,0.0,12.6,28.13,1.0,17.0,31.0,23.0
1343,11,0.0,12.6,27.31,4.0,7.0,27.0,27.0
1344,9,0.0,18.4,25.95,11.0,6.0,53.0,26.0
1345,1,0.2,0.2,25.69,9.0,11.0,16.0,13.0
1346,0,0.0,5.0,26.01,1.0,5.0,17.0,2.0
1347,1,0.2,15.6,25.61,0.0,8.0,7.0,1.0
1348,0,0.0,18.6,25.82,1.0,5.0,6.0,1.0
1349,4,0.0,19.6,25.85,0.0,1.0,11.0,3.0
1350,12,0.0,20.8,25.91,4.0,4.0,5.0,5.0
1351,1,0.0,22.2,26.4,12.0,11.0,8.0,3.0
1352,6,0.0,24.6,26.49,1.0,9.0,5.0,11.0
1353,20,0.2,26.6,26.53,6.0,1.0,1.0,16.0
1354,25,0.0,27.2,26.69,20.0,0.0,4.0,31.0
1355,31,0.0,28.8,26.64,25.0,1.0,11.0,27.0
1356,65,0.0,29.8,26.54,31.0,0.0,9.0,53.0
1357,57,0.0,33.6,26.43,65.0,4.0,1.0,16.0
1358,28,0.0,39.6,26.25,57.0,12.0,0.0,17.0
1359,32,0.0,45.0,26.24,28.0,1.0,1.0,7.0
1360,30,0.2,50.2,26.34,32.0,6.0,0.0,6.0
1361,46,0.0,50.6,26.46,30.0,20.0,4.0,11.0
1362,30,0.0,50.8,26.37,46.0,25.0,12.0,5.0
1363,61,0.0,51.0,26.55,30.0,31.0,1.0,8.0
1364,51,0.0,51.0,26.96,61.0,65.0,6.0,5.0
1365,38,0.0,51.0,27.44,51.0,57.0,20.0,1.0
1366,34,0.0,51.0,27.58,38.0,28.0,25.0,4.0
1367,42,0.0,51.0,27.51,34.0,32.0,31.0,11.0
1368,29,0.0,51.0,27.54,42.0,30.0,65.0,9.0
1369,38,0.0,0.0,27.42,29.0,46.0,57.0,1.0
1370,26,0.0,0.0,27.31,38.0,30.0,28.0,0.0
1371,12,0.0,0.0,27.47,26.0,61.0,32.0,1.0
1372,4,0.0,0.0,27.24,12.0,51.0,30.0,0.0
1373,10,0.0,0.0,27.22,4.0,38.0,46.0,4.0
1374,7,0.0,0.0,26.83,10.0,34.0,30.0,12.0
1375,4,0.0,0.0,27.51,7.0,42.0,61.0,1.0
1376,4,0.0,0.2,29.51,4.0,29.0,51.0,6.0
1377,31,0.0,0.2,31.53,4.0,38.0,38.0,20.0
1378,45,0.0,0.2,33.63,31.0,26.0,34.0,25.0
1379,30,0.0,0.2,34.15,45.0,12.0,42.0,31.0
1380,37,0.0,0.2,33.93,30.0,4.0,29.0,65.0
1381,25,0.0,0.2,34.66,37.0,10.0,38.0,57.0
1382,20,0.0,0.2,34.93,25.0,7.0,26.0,28.0
1383,17,0.0,0.2,35.74,20.0,4.0,12.0,32.0
1384,19,0.0,0.2,33.82,17.0,4.0,4.0,30.0
1385,28,0.0,0.2,33.28,19.0,31.0,10.0,46.0
1386,12,0.0,0.2,32.88,28.0,45.0,7.0,30.0
1387,20,0.0,0.2,32.03,12.0,30.0,4.0,61.0
1388,16,0.0,0.2,31.57,20.0,37.0,4.0,51.0
1389,36,0.0,0.2,31.47,16.0,25.0,31.0,38.0
1390,32,0.0,0.2,31.37,36.0,20.0,45.0,34.0
1391,21,0.0,0.2,31.18,32.0,17.0,30.0,42.0
1392,23,0.0,0.2,31.09,21.0,19.0,37.0,29.0
1393,19,0.0,0.0,30.78,23.0,28.0,25.0,38.0
1394,3,0.0,0.0,30.69,19.0,12.0,20.0,26.0
1395,3,0.0,0.0,30.44,3.0,20.0,17.0,12.0
1396,1,0.0,0.0,30.43,3.0,16.0,19.0,4.0
1397,1,0.0,0.0,30.48,1.0,36.0,28.0,10.0
1398,2,0.0,0.0,30.38,1.0,32.0,12.0,7.0
1399,6,0.0,0.0,30.58,2.0,21.0,20.0,4.0
1400,4,0.0,0.2,31.71,6.0,23.0,16.0,4.0
1401,17,0.0,0.2,32.71,4.0,19.0,36.0,31.0
1402,63,0.0,0.2,33.3,17.0,3.0,32.0,45.0
1403,42,0.0,0.2,34.06,63.0,3.0,21.0,30.0
1404,43,0.0,0.2,34.7,42.0,1.0,23.0,37.0
1405,22,0.0,0.2,34.52,43.0,1.0,19.0,25.0
1406,23,0.0,0.2,34.68,22.0,2.0,3.0,20.0
1407,27,0.0,0.2,34.15,23.0,6.0,3.0,17.0
1408,8,0.0,0.2,33.92,27.0,4.0,1.0,19.0
1409,15,0.0,0.2,33.43,8.0,17.0,1.0,28.0
1410,21,0.0,0.2,32.8,15.0,63.0,2.0,12.0
1411,27,0.0,0.2,32.31,21.0,42.0,6.0,20.0
1412,30,0.0,0.2,32.0,27.0,43.0,4.0,16.0
1413,50,0.0,0.2,31.78,30.0,22.0,17.0,36.0
1414,32,0.0,0.2,31.59,50.0,23.0,63.0,32.0
1415,19,0.0,0.2,31.52,32.0,27.0,42.0,21.0
1416,24,0.0,0.2,31.37,19.0,8.0,43.0,23.0
1417,20,0.0,0.0,31.26,24.0,15.0,22.0,19.0
1418,7,0.0,0.0,31.02,20.0,21.0,23.0,3.0
1419,4,0.0,0.0,31.07,7.0,27.0,27.0,3.0
1420,3,0.0,0.0,30.98,4.0,30.0,8.0,1.0
1421,2,0.0,0.0,30.73,3.0,50.0,15.0,1.0
1422,5,0.0,0.0,30.45,2.0,32.0,21.0,2.0
1423,4,0.0,0.0,30.78,5.0,19.0,27.0,6.0
1424,6,0.0,0.0,31.35,4.0,24.0,30.0,4.0
1425,22,0.0,0.0,31.93,6.0,20.0,50.0,17.0
1426,48,0.0,0.0,33.11,22.0,7.0,32.0,63.0
1427,45,0.0,0.0,34.27,48.0,4.0,19.0,42.0
1428,43,0.0,0.0,34.42,45.0,3.0,24.0,43.0
1429,22,0.0,0.0,34.84,43.0,2.0,20.0,22.0
1430,27,0.0,0.0,34.91,22.0,5.0,7.0,23.0
1431,21,0.0,0.0,34.99,27.0,4.0,4.0,27.0
1432,22,0.0,0.0,33.96,21.0,6.0,3.0,8.0
1433,15,0.0,0.0,33.4,22.0,22.0,2.0,15.0
1434,37,0.0,0.0,33.04,15.0,48.0,5.0,21.0
1435,31,0.0,0.0,32.22,37.0,45.0,4.0,27.0
1436,27,0.0,0.0,31.91,31.0,43.0,6.0,30.0
1437,37,0.0,0.0,31.91,27.0,22.0,22.0,50.0
1438,46,0.0,0.0,31.44,37.0,27.0,48.0,32.0
1439,22,0.0,0.0,31.41,46.0,21.0,45.0,19.0
1440,26,0.0,0.0,31.34,22.0,22.0,43.0,24.0
1441,23,0.0,0.0,31.49,26.0,15.0,22.0,20.0
1442,10,0.0,11.6,25.1,23.0,37.0,27.0,7.0
1443,3,0.0,13.0,25.82,10.0,31.0,21.0,4.0
1444,3,0.0,15.2,25.67,3.0,27.0,22.0,3.0
1445,1,0.0,15.6,26.74,3.0,37.0,15.0,2.0
1446,3,0.0,15.8,26.08,1.0,46.0,37.0,5.0
1447,5,0.0,16.0,27.06,3.0,22.0,31.0,4.0
1448,9,0.0,16.8,25.93,5.0,26.0,27.0,6.0
1449,57,0.0,19.0,25.82,9.0,23.0,37.0,22.0
1450,87,0.0,19.8,26.08,57.0,10.0,46.0,48.0
1451,86,0.0,20.0,26.31,87.0,3.0,22.0,45.0
1452,50,0.0,21.8,25.82,86.0,3.0,26.0,43.0
1453,45,0.0,21.8,27.8,50.0,1.0,23.0,22.0
1454,32,0.0,22.0,29.79,45.0,3.0,10.0,27.0
1455,39,0.0,22.0,29.61,32.0,5.0,3.0,21.0
1456,26,0.0,22.0,29.61,39.0,9.0,3.0,22.0
1457,25,0.0,22.0,29.5,26.0,57.0,1.0,15.0
1458,32,0.0,22.0,30.59,25.0,87.0,3.0,37.0
1459,21,0.0,22.0,29.1,32.0,86.0,5.0,31.0
1460,46,0.0,22.0,28.41,21.0,50.0,9.0,27.0
1461,68,0.0,22.2,28.25,46.0,45.0,57.0,37.0
1462,38,0.0,22.2,28.31,68.0,32.0,87.0,46.0
1463,15,0.0,22.2,28.07,38.0,39.0,86.0,22.0
1464,52,0.0,22.2,28.03,15.0,26.0,50.0,26.0
1465,48,0.0,0.0,28.0,52.0,25.0,45.0,23.0
1466,13,0.0,0.0,28.72,48.0,32.0,32.0,10.0
1467,9,0.0,0.0,28.6,13.0,21.0,39.0,3.0
1468,1,0.0,0.0,28.6,9.0,46.0,26.0,3.0
1469,7,0.0,0.0,28.4,1.0,68.0,25.0,1.0
1470,3,0.0,0.0,28.42,7.0,38.0,32.0,3.0
1471,4,0.0,0.0,29.16,3.0,15.0,21.0,5.0
1472,6,0.0,0.0,31.37,4.0,52.0,46.0,9.0
1473,31,0.0,0.0,33.31,6.0,48.0,68.0,57.0
1474,40,0.0,0.0,33.24,31.0,13.0,38.0,87.0
1475,28,0.0,0.2,34.23,40.0,9.0,15.0,86.0
1476,39,0.0,0.2,34.9,28.0,1.0,52.0,50.0
1477,26,0.0,0.2,35.97,39.0,7.0,48.0,45.0
1478,28,0.0,0.2,35.97,26.0,3.0,13.0,32.0
1479,24,0.0,0.2,35.5,28.0,4.0,9.0,39.0
1480,15,0.0,0.2,36.11,24.0,6.0,1.0,26.0
1481,15,0.0,0.2,35.63,15.0,31.0,7.0,25.0
1482,13,0.0,0.2,33.85,15.0,40.0,3.0,32.0
1483,24,0.0,0.2,32.41,13.0,28.0,4.0,21.0
1484,24,0.0,0.2,31.7,24.0,39.0,6.0,46.0
1485,51,0.0,0.4,31.18,24.0,26.0,31.0,68.0
1486,38,0.0,0.4,31.27,51.0,28.0,40.0,38.0
1487,25,0.0,0.4,31.07,38.0,24.0,28.0,15.0
1488,19,0.0,0.4,30.52,25.0,15.0,39.0,52.0
1489,15,0.0,0.0,29.63,19.0,15.0,26.0,48.0
1490,5,0.0,0.0,29.73,15.0,13.0,28.0,13.0
1491,2,0.0,0.2,30.62,5.0,24.0,24.0,9.0
1492,2,0.0,0.2,30.14,2.0,24.0,15.0,1.0
1493,2,0.0,0.2,29.98,2.0,51.0,15.0,7.0
1494,6,0.0,0.2,29.98,2.0,38.0,13.0,3.0
1495,5,0.0,0.2,30.53,6.0,25.0,24.0,4.0
1496,7,0.0,0.2,31.6,5.0,19.0,24.0,6.0
1497,18,0.0,0.4,33.87,7.0,15.0,51.0,31.0
1498,23,0.0,0.4,34.32,18.0,5.0,38.0,40.0
1499,29,0.0,0.4,35.42,23.0,2.0,25.0,28.0
1500,35,0.0,0.4,35.4,29.0,2.0,19.0,39.0
1501,17,0.0,0.4,35.7,35.0,2.0,15.0,26.0
1502,7,0.0,0.4,36.73,17.0,6.0,5.0,28.0
1503,26,0.0,0.4,35.62,7.0,5.0,2.0,24.0
1504,23,0.0,0.4,35.52,26.0,7.0,2.0,15.0
1505,21,0.0,0.4,35.77,23.0,18.0,2.0,15.0
1506,30,0.0,0.4,34.24,21.0,23.0,6.0,13.0
1507,34,0.0,0.4,33.1,30.0,29.0,5.0,24.0
1508,32,0.0,0.4,32.29,34.0,35.0,7.0,24.0
1509,60,0.0,0.4,31.67,32.0,17.0,18.0,51.0
1510,39,0.0,0.4,31.35,60.0,7.0,23.0,38.0
1511,25,0.0,0.4,31.07,39.0,26.0,29.0,25.0
1512,25,0.0,0.4,30.84,25.0,23.0,35.0,19.0
1513,11,0.0,0.0,30.81,25.0,21.0,17.0,15.0
1514,4,0.0,0.0,30.9,11.0,30.0,7.0,5.0
1515,6,0.0,0.0,30.86,4.0,34.0,26.0,2.0
1516,1,0.0,0.0,30.32,6.0,32.0,23.0,2.0
1517,6,0.0,0.0,29.69,1.0,60.0,21.0,2.0
1518,6,0.0,0.0,29.41,6.0,39.0,30.0,6.0
1519,1,0.0,0.0,29.57,6.0,25.0,34.0,5.0
1520,12,0.0,0.0,31.6,1.0,25.0,32.0,7.0
1521,24,0.0,0.0,32.6,12.0,11.0,60.0,18.0
1522,56,0.0,0.0,33.19,24.0,4.0,39.0,23.0
1523,58,0.0,0.0,33.35,56.0,6.0,25.0,29.0
1524,44,0.0,0.0,34.48,58.0,1.0,25.0,35.0
1525,16,0.0,0.0,36.65,44.0,6.0,11.0,17.0
1526,21,0.0,0.0,35.35,16.0,6.0,4.0,7.0
1527,12,0.0,0.0,34.55,21.0,1.0,6.0,26.0
1528,20,0.0,0.0,34.26,12.0,12.0,1.0,23.0
1529,20,0.0,0.0,33.73,20.0,24.0,6.0,21.0
1530,19,0.0,0.0,33.82,20.0,56.0,6.0,30.0
1531,20,0.0,0.0,32.38,19.0,58.0,1.0,34.0
1532,25,0.0,0.0,31.03,20.0,44.0,12.0,32.0
1533,30,0.0,0.0,30.68,25.0,16.0,24.0,60.0
1534,29,0.0,0.0,30.4,30.0,21.0,56.0,39.0
1535,10,0.0,0.0,30.15,29.0,12.0,58.0,25.0
1536,24,0.0,0.0,29.99,10.0,20.0,44.0,25.0
1537,22,0.0,0.0,29.99,24.0,20.0,16.0,11.0
1538,7,0.0,0.0,29.89,22.0,19.0,21.0,4.0
1539,5,0.0,0.0,29.76,7.0,20.0,12.0,6.0
1540,4,0.0,0.0,29.69,5.0,25.0,20.0,1.0
1541,4,0.0,0.0,29.7,4.0,30.0,20.0,6.0
1542,4,0.0,0.0,29.46,4.0,29.0,19.0,6.0
1543,4,0.0,0.0,30.16,4.0,10.0,20.0,1.0
1544,5,0.0,0.0,30.78,4.0,24.0,25.0,12.0
1545,14,0.0,0.0,32.67,5.0,22.0,30.0,24.0
1546,30,0.0,0.0,34.12,14.0,7.0,29.0,56.0
1547,26,0.0,0.0,34.67,30.0,5.0,10.0,58.0
1548,18,0.0,0.0,35.29,26.0,4.0,24.0,44.0
1549,15,0.0,0.0,36.17,18.0,4.0,22.0,16.0
1550,13,0.0,0.0,36.52,15.0,4.0,7.0,21.0
1551,14,0.0,0.0,37.03,13.0,4.0,5.0,12.0
1552,11,0.0,0.0,36.76,14.0,5.0,4.0,20.0
1553,16,0.0,0.0,35.96,11.0,14.0,4.0,20.0
1554,11,0.0,0.0,35.12,16.0,30.0,4.0,19.0
1555,25,0.0,0.0,33.54,11.0,26.0,4.0,20.0
1556,12,0.0,0.0,32.74,25.0,18.0,5.0,25.0
1557,27,0.0,0.0,32.3,12.0,15.0,14.0,30.0
1558,29,0.0,0.0,28.07,27.0,13.0,30.0,29.0
1559,18,0.0,0.0,28.84,29.0,14.0,26.0,10.0
1560,22,0.0,0.0,28.18,18.0,11.0,18.0,24.0
1561,38,0.0,0.0,28.36,22.0,16.0,15.0,22.0
1562,11,0.0,0.0,28.53,38.0,11.0,13.0,7.0
1563,3,0.0,0.0,28.41,11.0,25.0,14.0,5.0
1564,2,0.0,0.0,28.65,3.0,12.0,11.0,4.0
1565,1,0.0,0.0,29.06,2.0,27.0,16.0,4.0
1566,4,0.0,0.0,28.74,1.0,29.0,11.0,4.0
1567,4,0.0,0.0,28.79,4.0,18.0,25.0,4.0
1568,5,0.0,0.0,29.33,4.0,22.0,12.0,5.0
1569,28,0.0,0.0,31.83,5.0,38.0,27.0,14.0
1570,48,0.0,0.0,33.77,28.0,11.0,29.0,30.0
1571,27,0.0,0.0,35.79,48.0,3.0,18.0,26.0
1572,36,0.0,0.0,35.92,27.0,2.0,22.0,18.0
1573,29,0.0,0.0,37.0,36.0,1.0,38.0,15.0
1574,23,0.0,0.0,37.76,29.0,4.0,11.0,13.0
1575,20,0.0,0.0,37.65,23.0,4.0,3.0,14.0
1576,16,0.0,0.0,38.03,20.0,5.0,2.0,11.0
1577,18,0.0,0.0,37.5,16.0,28.0,1.0,16.0
1578,0,0.0,0.0,36.01,18.0,48.0,4.0,11.0
1579,1,0.0,0.0,34.7,0.0,27.0,4.0,25.0
1580,0,0.0,0.0,33.52,1.0,36.0,5.0,12.0
1581,1,0.0,0.0,32.62,0.0,29.0,28.0,27.0
1582,2,0.0,0.0,32.17,1.0,23.0,48.0,29.0
